timestamps,TP9,AF7,AF8,TP10,Secondary Timestamp
1686274985.801,-1.465,336.426,28.320,4.883,1691.698
1686274985.805,16.113,511.230,79.590,-6.348,1691.702
1686274985.809,-42.969,-28.320,-181.641,-59.082,1691.706
1686274985.813,-78.613,-321.289,-228.516,-62.500,1691.710
1686274985.817,-22.949,124.023,-8.789,-14.160,1691.714
1686274985.821,21.484,79.102,-95.703,-2.441,1691.718
1686274985.825,-32.227,-439.453,-334.961,-57.617,1691.722
1686274985.828,-93.750,-901.367,-408.203,-64.453,1691.726
1686274985.832,-56.641,-162.109,-49.805,-18.066,1691.730
1686274985.836,20.508,346.191,-9.766,13.672,1691.734
1686274985.840,0.000,-223.633,-178.711,-22.949,1691.737
1686274985.844,-67.871,-180.176,-68.359,-67.871,1691.741
1686274985.850,-48.828,398.926,58.594,-31.738,1691.747
1686274985.854,14.648,385.742,-3.418,12.695,1691.751
1686274985.858,8.789,137.207,-66.406,-23.438,1691.755
1686274985.862,-62.988,186.035,-17.578,-92.773,1691.759
1686274985.866,-88.379,295.410,4.395,-80.078,1691.763
1686274985.870,-23.438,119.629,-114.258,-3.906,1691.767
1686274985.874,-3.906,-526.367,-281.738,4.883,1691.770
1686274985.877,-55.176,-359.375,-116.211,-62.012,1691.774
1686274985.881,-76.660,351.562,55.664,-69.824,1691.778
1686274985.885,-30.762,161.133,-81.055,-2.441,1691.782
1686274985.889,10.742,36.621,-112.793,12.207,1691.786
1686274985.893,-23.438,238.770,-3.906,-54.199,1691.790
1686274985.892,-68.359,77.148,-94.238,-73.242,1691.801
1686274985.896,-53.223,-246.582,-288.574,-10.742,1691.805
1686274985.900,11.230,-452.148,-329.590,29.785,1691.809
1686274985.904,12.207,-201.172,-152.344,-24.414,1691.813
1686274985.908,-61.523,175.781,-52.734,-85.449,1691.817
1686274985.912,-68.359,-191.406,-258.301,-45.410,1691.821
1686274985.916,2.930,-931.641,-422.363,26.855,1691.825
1686274985.919,27.832,-278.320,-78.613,0.977,1691.829
1686274985.923,-24.902,384.277,18.066,-74.219,1691.832
1686274985.927,-68.359,76.172,-108.398,-64.941,1691.836
1686274985.931,-17.578,185.547,-32.227,0.488,1691.840
1686274985.935,20.020,485.352,48.828,-1.465,1691.844
1686274985.938,-41.992,338.867,-34.180,-64.453,1691.847
1686274985.942,-82.520,81.055,-139.648,-72.266,1691.851
1686274985.946,-39.551,87.402,-104.980,-13.184,1691.855
1686274985.950,23.926,90.332,-101.562,11.719,1691.858
1686274985.954,5.859,185.059,-86.914,-40.527,1691.862
1686274985.958,-72.754,-512.207,-344.727,-52.734,1691.866
1686274985.962,-61.523,-678.711,-293.945,-9.766,1691.870
1686274985.965,15.137,311.035,79.590,-2.930,1691.874
1686274985.969,13.184,278.809,-46.387,-28.320,1691.878
1686274985.973,-63.965,-57.617,-151.855,-70.801,1691.882
1686274985.977,-80.078,217.285,3.418,-53.223,1691.886
1686274985.981,-2.441,409.180,40.527,1.953,1691.890
1686274985.995,19.531,79.102,-153.320,-10.254,1691.890
1686274985.999,-40.039,-57.129,-203.125,-70.801,1691.894
1686274986.003,-61.523,-60.547,-160.156,-63.477,1691.898
1686274986.007,-15.137,74.707,-71.777,4.883,1691.902
1686274986.011,15.625,-100.098,-159.668,16.602,1691.906
1686274986.015,-30.762,-713.379,-395.508,-43.945,1691.910
1686274986.019,-92.773,-371.094,-214.844,-92.285,1691.914
1686274986.022,-50.293,157.227,-19.043,-36.133,1691.918
1686274986.026,18.066,-178.223,-164.062,18.066,1691.921
1686274986.030,-19.531,-693.359,-385.742,-42.969,1691.925
1686274986.034,-80.078,72.266,-53.223,-105.469,1691.929
1686274986.038,-66.895,367.676,4.395,-60.059,1691.933
1686274986.040,0.488,157.227,-28.320,-0.488,1691.936
1686274986.044,9.277,256.348,0.977,-30.273,1691.940
1686274986.048,-57.129,318.848,-24.414,-77.148,1691.944
1686274986.052,-76.172,187.988,-74.707,-42.969,1691.948
1686274986.056,-8.301,75.195,-72.266,6.348,1691.952
1686274986.060,21.484,-66.895,-146.484,-14.648,1691.955
1686274986.064,-41.504,-21.484,-130.859,-85.938,1691.959
1686274986.067,-80.078,152.832,-83.008,-93.262,1691.963
1686274986.071,-33.203,-644.531,-425.781,0.977,1691.967
1686274986.075,14.160,-622.559,-286.133,24.902,1691.971
1686274986.079,-13.672,366.211,79.590,-55.664,1691.975
1686274986.083,-69.336,131.836,-153.809,-65.918,1691.979
1686274986.085,-54.199,-69.336,-213.379,-9.766,1691.981
1686274986.089,15.625,329.102,41.016,15.625,1691.984
1686274986.093,-3.906,240.234,-56.152,-28.809,1691.988
1686274986.097,-76.172,-364.258,-344.727,-65.918,1691.992
1686274986.101,-71.777,-541.016,-307.617,-25.391,1691.996
1686274986.105,-3.906,-101.562,-101.074,12.695,1692.000
1686274986.109,11.719,73.730,-133.301,-33.203,1692.004
1686274986.112,-54.199,-410.156,-355.469,-82.031,1692.008
1686274986.116,-78.125,-701.172,-370.117,-40.527,1692.012
1686274986.120,-6.836,125.977,-6.348,5.859,1692.016
1686274986.124,33.203,307.617,-39.062,-2.930,1692.020
1686274986.128,-22.461,-288.574,-222.656,-50.781,1692.024
1686274986.130,-72.266,-137.695,-77.637,-69.336,1692.026
1686274986.134,-22.461,438.965,69.336,-20.020,1692.030
1686274986.138,29.297,331.055,-32.715,6.836,1692.034
1686274986.142,-15.625,59.570,-119.629,-48.828,1692.038
1686274986.146,-72.266,133.301,-75.684,-80.078,1692.042
1686274986.150,-50.781,-9.277,-167.969,-28.320,1692.046
1686274986.154,25.391,-72.754,-215.332,26.367,1692.049
1686274986.157,16.113,-467.773,-273.438,-11.719,1692.053
1686274986.161,-60.059,-355.469,-135.254,-70.312,1692.057
1686274986.165,-52.734,371.582,65.918,-36.133,1692.061
1686274986.169,9.766,210.449,-67.871,18.555,1692.065
1686274986.173,16.113,57.617,-133.789,-6.348,1692.069
1686274986.176,-44.434,223.145,-34.180,-69.336,1692.072
1686274986.180,-69.336,96.680,-104.492,-59.082,1692.076
1686274986.184,-13.672,-285.645,-307.129,14.160,1692.080
1686274986.188,20.996,-748.047,-380.371,25.391,1692.084
1686274986.192,-20.508,-209.473,-92.285,-56.152,1692.088
1686274986.196,-61.035,136.230,-104.004,-79.590,1692.092
1686274986.200,-20.508,-436.523,-308.594,2.930,1692.096
1686274986.203,36.621,-541.992,-244.141,31.738,1692.100
1686274986.207,11.719,184.082,6.836,-41.992,1692.104
1686274986.211,-54.199,338.867,-27.344,-84.473,1692.107
1686274986.215,-56.641,42.969,-108.887,-39.062,1692.111
1686274986.219,11.230,177.246,-41.016,7.324,1692.115
1686274986.223,15.625,450.195,54.688,-32.227,1692.120
1686274986.227,-55.664,280.273,-61.523,-82.031,1692.123
1686274986.231,-66.406,70.312,-133.789,-50.293,1692.127
1686274986.235,1.465,66.895,-60.059,8.789,1692.131
1686274986.239,21.484,27.344,-93.750,-17.578,1692.135
1686274986.243,-41.992,-6.348,-167.480,-88.867,1692.139
1686274986.247,-83.496,-657.715,-397.461,-73.730,1692.143
1686274986.250,-30.762,-687.500,-312.988,-6.836,1692.147
1686274986.254,26.367,276.367,52.246,-10.254,1692.151
1686274986.258,-16.602,189.453,-100.586,-62.988,1692.155
1686274986.262,-73.242,-77.148,-197.754,-84.961,1692.159
1686274986.266,-43.945,251.465,-1.953,-35.156,1692.163
1686274986.266,15.625,454.102,60.547,-12.207,1692.177
1686274986.270,-7.812,170.898,-133.789,-61.523,1692.181
1686274986.274,-59.570,-252.441,-320.312,-67.871,1692.185
1686274986.278,-48.828,-20.508,-106.445,-20.996,1692.189
1686274986.282,-3.906,401.367,58.105,5.371,1692.193
1686274986.286,-9.766,-149.902,-217.285,-27.832,1692.197
1686274986.290,-74.219,-1000.000,-510.254,-65.430,1692.201
1686274986.293,-86.914,-440.430,-166.016,-51.758,1692.205
1686274986.297,-20.996,432.617,93.262,-6.348,1692.208
1686274986.301,19.043,-0.977,-114.746,4.395,1692.212
1686274986.305,-27.344,-205.078,-122.070,-44.922,1692.216
1686274986.309,-66.406,328.125,43.945,-47.852,1692.220
1686274986.327,-8.789,375.977,17.090,21.973,1692.224
1686274986.331,47.363,208.984,-13.184,36.621,1692.228
1686274986.335,1.465,107.422,-74.707,-19.531,1692.232
1686274986.339,-56.641,166.016,-47.852,-37.109,1692.235
1686274986.343,-25.879,243.652,-13.184,20.508,1692.239
1686274986.347,40.039,-122.070,-162.598,67.383,1692.243
1686274986.351,32.227,-120.605,-119.141,16.602,1692.247
1686274986.354,-28.809,249.512,6.348,-40.039,1692.251
1686274986.358,-37.598,216.309,-39.062,-4.883,1692.255
1686274986.362,10.254,-649.902,-362.305,69.336,1692.259
1686274986.366,16.113,-607.422,-260.254,40.527,1692.263
1686274986.370,-36.133,338.867,76.172,-31.738,1692.267
1686274986.371,-63.965,118.164,-130.371,-8.789,1692.267
1686274986.375,-13.184,-9.277,-157.715,45.410,1692.271
1686274986.379,22.949,70.312,-48.828,38.086,1692.275
1686274986.383,-19.531,97.656,-53.711,-27.344,1692.279
1686274986.387,-62.500,-61.523,-158.691,-40.039,1692.283
1686274986.391,-26.367,-431.641,-310.059,27.832,1692.287
1686274986.395,41.504,-60.059,-80.566,45.410,1692.290
1686274986.398,13.672,400.879,76.172,-19.043,1692.294
1686274986.402,-47.363,-179.199,-226.074,-26.855,1692.298
1686274986.406,-35.156,-850.098,-392.578,29.297,1692.302
1686274986.410,35.645,12.207,0.000,45.410,1692.306
1686274986.414,38.086,334.961,-32.715,8.789,1692.310
1686274986.416,-31.250,-323.730,-242.676,-29.785,1692.312
1686274986.420,-39.062,-165.039,-66.895,-6.836,1692.316
1686274986.424,35.645,441.895,84.473,42.969,1692.320
1686274986.428,48.828,337.891,-4.395,21.973,1692.324
1686274986.432,-25.879,0.488,-117.676,-50.781,1692.328
1686274986.436,-59.570,-167.480,-191.895,-50.781,1692.332
1686274986.440,2.441,39.062,-60.547,17.090,1692.336
1686274986.443,51.270,252.930,-26.367,24.414,1692.340
1686274986.447,-12.207,-450.195,-273.438,-26.367,1692.343
1686274986.451,-66.895,-356.934,-125.000,-39.062,1692.347
1686274986.455,-20.508,369.141,63.477,13.184,1692.351
1686274986.459,31.250,176.270,-71.777,38.086,1692.355
1686274986.462,4.883,18.555,-148.926,-18.555,1692.359
1686274986.466,-59.570,190.430,-23.438,-55.176,1692.363
1686274986.470,-62.500,57.129,-94.238,-17.578,1692.367
1686274986.474,3.906,-287.109,-283.203,28.320,1692.371
1686274986.478,6.836,-731.445,-375.977,1.465,1692.375
1686274986.482,-58.105,-527.344,-253.418,-56.152,1692.379
1686274986.486,-64.453,39.062,-70.312,-34.668,1692.383
1686274986.489,-0.488,-216.797,-184.082,39.062,1692.387
1686274986.493,23.926,-559.082,-287.109,26.855,1692.391
1686274986.497,-27.344,163.086,5.859,-53.711,1692.395
1686274986.501,-67.383,356.934,-7.812,-52.246,1692.398
1686274986.505,-24.414,100.586,-78.125,18.555,1692.402
1686274986.507,29.785,236.328,-9.277,18.555,1692.404
1686274986.511,-1.465,420.898,53.711,-53.223,1692.408
1686274986.515,-62.988,292.969,-49.316,-66.895,1692.412
1686274986.519,-44.434,113.770,-68.359,-7.324,1692.416
1686274986.523,20.508,105.957,-38.086,22.949,1692.420
1686274986.527,14.160,-82.520,-182.129,-25.391,1692.424
1686274986.531,-56.641,-164.551,-209.473,-70.312,1692.427
1686274986.534,-65.430,-647.461,-360.352,-24.414,1692.431
1686274986.538,4.883,-767.090,-358.887,28.320,1692.435
1686274986.542,21.484,182.617,12.207,-17.090,1692.439
1686274986.546,-45.898,220.215,-60.547,-73.242,1692.443
1686274986.550,-76.172,11.230,-139.648,-59.082,1692.447
1686274986.556,-14.160,327.148,43.945,-11.719,1692.452
1686274986.560,20.020,467.285,66.895,-12.695,1692.455
1686274986.564,-34.180,-34.180,-192.383,-62.012,1692.459
1686274986.568,-82.031,-316.406,-238.281,-70.312,1692.463
1686274986.572,-37.598,154.785,-3.418,-15.137,1692.467
1686274986.576,21.973,114.746,-113.770,-2.930,1692.471
1686274986.580,-17.578,-398.926,-298.828,-56.641,1692.475
1686274986.583,-84.961,-1000.000,-514.648,-65.430,1692.479
1686274986.587,-56.641,-463.379,-208.984,-18.555,1692.483
1686274986.591,15.137,417.969,81.055,9.766,1692.487
1686274986.595,8.301,228.516,-68.848,-34.180,1692.491
1686274986.599,-47.363,149.902,-53.223,-84.961,1692.494
1686274986.597,-55.664,384.277,53.223,-55.664,1692.494
1686274986.601,9.766,395.020,23.926,2.930,1692.498
1686274986.605,21.973,165.527,-42.969,-12.695,1692.502
1686274986.609,-50.781,189.941,-6.348,-72.754,1692.506
1686274986.613,-80.078,247.559,-8.789,-57.617,1692.510
1686274986.617,-21.973,60.547,-121.094,4.883,1692.514
1686274986.621,2.441,-508.789,-248.047,3.418,1692.518
1686274986.624,-48.828,-363.281,-113.770,-64.941,1692.522
1686274986.628,-85.938,312.500,33.203,-89.355,1692.526
1686274986.632,-54.688,92.285,-79.590,-26.855,1692.530
1686274986.636,3.906,-141.113,-124.512,-2.441,1692.534
1686274986.640,-13.184,162.598,-17.090,-62.988,1692.537
1686274986.641,-72.754,330.078,25.879,-92.773,1692.551
1686274986.645,-57.617,53.711,-118.652,-42.480,1692.555
1686274986.649,1.953,-297.852,-265.625,-0.977,1692.559
1686274986.653,0.977,-50.781,-70.312,-41.016,1692.563
1686274986.657,-60.547,237.305,-0.977,-97.168,1692.567
1686274986.661,-81.543,-256.348,-262.207,-54.199,1692.571
1686274986.665,-38.086,-973.145,-439.941,19.531,1692.575
1686274986.668,-17.090,-307.617,-104.980,-13.672,1692.579
1686274986.672,-58.105,371.582,39.551,-77.637,1692.583
1686274986.676,-86.426,69.336,-123.047,-65.430,1692.587
1686274986.680,-31.738,151.855,-42.969,-7.324,1692.591
1686274986.684,21.484,411.133,51.270,-3.418,1692.594
1686274986.704,-26.367,136.719,-127.441,-61.523,1692.604
1686274986.708,-85.449,-375.000,-276.855,-76.172,1692.608
1686274986.712,-48.828,-162.598,-75.684,-23.926,1692.612
1686274986.716,17.090,375.977,73.730,-2.441,1692.616
1686274986.720,-9.277,230.469,-43.945,-46.387,1692.620
1686274986.724,-76.660,-284.668,-229.980,-67.871,1692.624
1686274986.728,-64.941,-210.938,-123.047,-31.250,1692.628
1686274986.731,9.277,316.406,62.988,5.371,1692.631
1686274986.735,23.926,245.117,-66.895,-16.113,1692.635
1686274986.739,-42.969,-453.125,-248.535,-59.082,1692.639
1686274986.743,-60.547,-268.066,-102.539,-52.246,1692.643
1686274986.747,-1.465,364.258,72.266,-7.324,1692.647
1686274986.746,17.578,115.723,-131.836,-5.859,1692.642
1686274986.750,-40.039,-104.004,-235.352,-53.223,1692.646
1686274986.754,-83.984,-38.086,-103.516,-59.082,1692.650
1686274986.758,-38.086,-58.105,-137.207,-11.230,1692.654
1686274986.762,11.719,-299.805,-234.863,1.953,1692.658
1686274986.766,-28.320,-523.926,-288.574,-51.270,1692.662
1686274986.770,-79.102,-114.258,-96.680,-82.520,1692.666
1686274986.773,-45.410,305.664,38.574,-24.414,1692.669
1686274986.777,18.555,-101.562,-153.809,22.461,1692.673
1686274986.781,-3.418,-1000.000,-543.945,-12.207,1692.677
1686274986.785,-76.172,-596.191,-273.438,-69.336,1692.681
1686274986.789,-69.336,258.789,33.203,-52.246,1692.685
1686274986.791,-9.766,-20.508,-111.328,0.000,1692.687
1686274986.795,-2.441,57.129,-38.574,-21.484,1692.691
1686274986.799,-57.617,397.461,32.227,-79.590,1692.695
1686274986.803,-77.148,279.297,-41.504,-64.941,1692.699
1686274986.807,-18.555,63.965,-83.008,5.371,1692.703
1686274986.811,17.090,-49.805,-137.695,-1.953,1692.707
1686274986.815,-40.039,-147.461,-194.824,-82.031,1692.711
1686274986.818,-84.473,-89.844,-182.129,-88.867,1692.715
1686274986.822,-37.598,-621.094,-375.977,0.488,1692.719
1686274986.826,11.719,-649.902,-289.062,22.461,1692.723
1686274986.830,-15.625,338.867,70.312,-52.734,1692.726
1686274986.834,-72.754,229.980,-59.570,-75.684,1692.730
1686274986.836,-53.223,29.297,-131.348,-18.066,1692.733
1686274986.840,10.742,391.602,44.434,18.555,1692.736
1686274986.844,0.977,257.812,-13.672,-18.555,1692.740
1686274986.848,-69.336,-320.312,-292.480,-55.176,1692.744
1686274986.852,-74.707,-432.129,-246.582,-25.391,1692.748
1686274986.856,3.906,-13.184,8.789,22.461,1692.752
1686274986.860,16.113,136.230,-16.113,-13.184,1692.756
1686274986.863,-43.457,-351.074,-261.230,-61.523,1692.760
1686274986.867,-64.453,-750.000,-371.094,-36.133,1692.764
1686274986.871,-20.020,117.676,20.020,-3.418,1692.768
1686274986.875,14.160,524.902,76.172,-20.996,1692.772
1686274986.879,-32.227,88.867,-118.164,-77.148,1692.776
1686274986.881,-74.219,26.855,-59.570,-78.125,1692.777
1686274986.885,-36.621,360.352,74.219,-20.508,1692.781
1686274986.889,16.602,377.930,-3.906,4.395,1692.785
1686274986.893,-18.066,163.574,-60.059,-50.781,1692.789
1686274986.897,-73.242,132.324,-55.664,-78.125,1692.793
1686274986.901,-53.223,7.324,-143.066,-21.973,1692.797
1686274986.905,8.301,-21.484,-163.086,17.090,1692.801
1686274986.908,0.000,-430.664,-225.586,-19.043,1692.805
1686274986.912,-67.871,-310.547,-87.402,-82.520,1692.809
1686274986.916,-73.242,394.531,71.777,-66.895,1692.813
1686274986.920,-10.254,191.895,-64.453,1.465,1692.816
1686274986.924,16.113,-52.246,-130.859,-8.301,1692.820
1686274986.926,-39.551,216.797,-18.555,-76.660,1692.822
1686274986.930,-73.730,417.480,39.551,-77.148,1692.826
1686274986.934,-28.809,-51.758,-179.199,0.488,1692.830
1686274986.938,10.254,-601.074,-366.211,20.996,1692.834
1686274986.942,-30.273,-57.617,-64.941,-60.059,1692.838
1686274986.946,-80.566,138.672,-81.055,-83.496,1692.842
1686274986.950,-51.270,-420.410,-316.406,-9.277,1692.846
1686274986.953,15.625,-565.918,-257.812,24.902,1692.850
1686274986.957,1.465,59.082,-17.090,-38.086,1692.853
1686274986.961,-67.383,269.043,-3.418,-83.496,1692.857
1686274986.965,-59.570,104.980,-74.707,-37.109,1692.861
1686274986.969,11.719,214.355,-18.066,21.973,1692.865
1686274986.989,14.160,420.410,59.570,-16.113,1692.889
1686274986.993,-55.176,121.582,-126.953,-81.543,1692.893
1686274986.997,-76.660,-336.914,-239.746,-50.293,1692.897
1686274987.001,-2.930,-39.551,-26.367,15.625,1692.901
1686274987.005,32.715,370.117,16.602,-0.488,1692.905
1686274987.009,-28.320,7.812,-186.523,-67.383,1692.909
1686274987.013,-76.172,-625.977,-284.668,-60.059,1692.912
1686274987.016,-26.855,-304.199,-82.031,1.465,1692.916
1686274987.020,35.156,461.426,83.984,10.742,1692.920
1686274987.024,-9.277,230.957,-81.543,-51.758,1692.924
1686274987.028,-71.289,-63.477,-205.566,-81.543,1692.928
1686274987.032,-39.062,172.363,-58.594,-30.762,1692.932
1686274987.017,25.879,420.410,76.660,7.324,1692.927
1686274987.021,9.766,159.180,-105.957,-33.691,1692.931
1686274987.025,-47.852,-302.734,-326.172,-76.660,1692.935
1686274987.029,-49.316,-188.965,-189.453,-46.387,1692.939
1686274987.033,20.508,115.234,-22.461,10.742,1692.943
1686274987.037,27.344,-258.301,-176.758,4.395,1692.946
1686274987.041,-53.711,-434.570,-207.031,-63.477,1692.950
1686274987.044,-69.824,134.277,-13.184,-60.547,1692.954
1686274987.048,-1.465,393.555,30.273,4.883,1692.958
1686274987.052,26.367,-103.516,-154.297,12.207,1692.962
1686274987.056,-34.668,-1000.000,-555.176,-37.598,1692.966
1686274987.060,-76.172,-577.148,-278.320,-62.988,1692.970
1686274987.063,-29.785,238.770,33.691,-8.789,1692.972
1686274987.067,21.484,133.301,-93.262,14.160,1692.976
1686274987.071,-8.301,163.574,-63.965,-44.922,1692.980
1686274987.075,-68.848,329.102,14.648,-79.102,1692.984
1686274987.079,-49.316,258.789,-45.898,-37.598,1692.987
1686274987.083,21.484,-113.770,-166.992,8.789,1692.991
1686274987.087,9.277,-260.254,-197.754,-33.203,1692.995
1686274987.090,-57.617,8.789,-108.887,-80.566,1692.999
1686274987.094,-65.918,209.961,-11.230,-45.898,1693.003
1686274987.098,-6.836,-506.348,-277.344,19.531,1693.007
1686274987.102,10.254,-456.543,-216.309,-7.324,1693.011
1686274987.106,-48.828,339.355,57.129,-91.797,1693.015
1686274987.122,-74.219,119.141,-140.625,-80.566,1693.017
1686274987.126,-18.555,44.922,-157.715,-5.859,1693.021
1686274987.130,6.836,61.035,-80.078,-17.090,1693.025
1686274987.134,-44.434,71.777,-93.262,-96.191,1693.029
1686274987.138,-83.008,-103.027,-190.918,-84.961,1693.033
1686274987.142,-48.340,-690.430,-387.695,0.977,1693.037
1686274987.146,7.324,-202.637,-115.723,7.324,1693.041
1686274987.149,-6.836,406.250,60.059,-52.734,1693.045
1686274987.153,-68.359,-229.004,-219.727,-77.637,1693.049
1686274987.157,-63.477,-630.371,-351.562,-35.645,1693.052
1686274987.161,9.277,240.723,10.254,-7.324,1693.056
1686274987.165,15.137,489.258,37.109,-46.875,1693.060
1686274987.166,-61.035,-141.113,-160.645,-87.891,1693.066
1686274987.170,-85.938,-173.828,-84.961,-59.570,1693.070
1686274987.174,-24.902,301.758,66.895,-3.906,1693.074
1686274987.178,13.184,245.605,-36.621,-7.812,1693.078
1686274987.182,-36.133,47.852,-128.418,-68.848,1693.082
1686274987.186,-87.891,-193.359,-200.195,-70.312,1693.086
1686274987.190,-36.133,-44.922,-101.562,-8.789,1693.090
1686274987.193,12.695,270.996,-28.809,9.277,1693.094
1686274987.197,-37.109,-385.742,-241.211,-40.527,1693.098
1686274987.201,-84.473,-334.961,-99.609,-66.895,1693.101
1686274987.205,-42.480,403.809,71.777,-15.625,1693.105
1686274987.209,17.090,144.043,-103.516,17.090,1693.109
1686274987.211,-14.648,-125.000,-190.918,-47.852,1693.108
1686274987.215,-81.543,171.875,-18.555,-100.586,1693.112
1686274987.219,-68.848,124.023,-86.426,-54.688,1693.115
1686274987.223,0.488,-304.199,-304.688,8.789,1693.119
1686274987.227,2.441,-611.328,-372.559,-13.672,1693.123
1686274987.231,-59.082,-360.352,-235.352,-77.148,1693.127
1686274987.235,-74.707,96.191,-46.387,-64.941,1693.131
1686274987.238,-14.648,-129.395,-165.527,-5.859,1693.135
1686274987.242,19.043,-559.082,-293.945,-8.301,1693.139
1686274987.246,-35.156,123.535,8.789,-80.566,1693.143
1686274987.250,-85.938,376.465,3.418,-86.426,1693.147
1686274987.254,-41.504,116.699,-97.656,-13.184,1693.151
1686274987.258,20.996,235.840,-39.062,3.906,1693.158
1686274987.262,-8.301,372.070,8.301,-55.664,1693.162
1686274987.266,-73.730,23.438,-166.504,-77.148,1693.166
1686274987.270,-62.988,-308.594,-227.051,-19.531,1693.170
1686274987.274,20.020,-9.766,-54.199,20.508,1693.174
1686274987.278,13.672,68.848,-109.375,-31.250,1693.178
1686274987.282,-68.359,-200.684,-262.695,-90.820,1693.182
1686274987.285,-73.730,-579.102,-285.645,-60.547,1693.186
1686274987.289,12.695,-256.836,-66.406,-1.465,1693.190
1686274987.293,43.945,489.746,85.449,-26.367,1693.193
1686274987.297,-29.785,203.125,-100.098,-89.844,1693.197
1686274987.301,-67.871,-40.527,-150.391,-71.777,1693.201
1686274987.301,-6.348,250.488,23.926,-8.301,1693.197
1686274987.305,26.367,509.277,96.191,-23.438,1693.201
1686274987.309,-28.320,-22.949,-208.008,-70.801,1693.205
1686274987.313,-79.590,-480.957,-321.777,-76.660,1693.209
1686274987.317,-37.109,-14.160,-48.828,-36.133,1693.213
1686274987.321,24.902,70.801,-44.922,-7.324,1693.217
1686274987.325,-13.184,-346.680,-237.305,-41.504,1693.221
1686274987.328,-88.379,-953.613,-442.383,-59.570,1693.225
1686274987.332,-48.828,-294.922,-86.426,-22.461,1693.229
1686274987.336,25.879,396.973,49.316,8.789,1693.233
1686274987.340,9.277,135.254,-107.422,-22.461,1693.236
1686274987.344,-47.363,106.445,-66.895,-71.777,1693.240
1686274987.348,-52.246,382.324,41.016,-52.734,1693.245
1686274987.352,17.578,384.277,8.301,9.277,1693.249
1686274987.356,40.039,133.789,-47.363,-4.395,1693.253
1686274987.360,-26.855,166.992,-13.184,-76.172,1693.257
1686274987.364,-66.895,317.871,13.672,-70.312,1693.260
1686274987.368,-11.230,178.711,-59.082,1.465,1693.264
1686274987.372,23.438,-467.773,-235.352,12.695,1693.268
1686274987.375,-30.762,-574.219,-247.070,-58.594,1693.272
1686274987.379,-75.195,29.785,-114.258,-79.590,1693.276
1686274987.383,-38.574,133.301,-94.238,-13.672,1693.280
1686274987.387,18.066,-70.312,-86.914,14.648,1693.284
1686274987.391,3.418,138.672,-2.441,-51.758,1693.288
1686274987.391,-46.387,352.539,8.789,-89.844,1693.302
1686274987.395,-37.598,178.711,-61.523,-35.156,1693.306
1686274987.399,21.973,-122.070,-168.945,13.672,1693.310
1686274987.403,22.949,11.719,-67.383,-28.809,1693.314
1686274987.407,-48.828,304.688,22.461,-87.402,1693.318
1686274987.411,-68.359,-133.789,-206.543,-51.270,1693.321
1686274987.415,-13.672,-934.570,-443.848,34.668,1693.325
1686274987.418,15.137,-345.215,-126.953,4.883,1693.329
1686274987.422,-31.250,392.578,62.988,-83.496,1693.333
1686274987.426,-69.824,16.113,-142.090,-76.660,1693.337
1686274987.430,-28.320,-83.008,-125.000,0.488,1693.341
1686274987.434,21.973,353.027,77.637,21.973,1693.345
1686274987.438,-10.254,437.012,19.531,-40.039,1693.346
1686274987.442,-70.801,-131.836,-168.945,-66.406,1693.350
1686274987.446,-42.480,-131.348,-68.359,-14.160,1693.354
1686274987.450,26.855,429.688,100.586,8.301,1693.358
1686274987.454,5.371,372.559,0.977,-45.898,1693.362
1686274987.458,-63.965,-119.629,-166.504,-81.543,1693.366
1686274987.462,-59.570,-152.344,-102.051,-35.156,1693.370
1686274987.465,20.020,341.797,67.871,18.066,1693.374
1686274987.469,31.250,330.078,-20.508,-17.578,1693.378
1686274987.473,-50.293,-283.203,-203.613,-68.359,1693.381
1686274987.477,-62.500,-110.352,-65.430,-53.223,1693.385
1686274987.481,9.766,419.434,79.102,3.418,1693.389
1686274987.496,27.344,98.145,-99.121,4.395,1693.392
1686274987.500,-22.949,-109.375,-148.926,-66.895,1693.396
1686274987.504,-62.988,-23.926,-77.637,-70.312,1693.400
1686274987.508,-21.484,101.074,-7.324,2.930,1693.404
1686274987.512,28.809,6.348,-131.836,23.926,1693.408
1686274987.516,-0.977,-821.777,-437.988,-8.789,1693.412
1686274987.520,-63.477,-400.879,-86.914,-64.453,1693.416
1686274987.523,-62.988,432.617,106.445,-43.945,1693.420
1686274987.527,-5.371,9.766,-111.328,13.672,1693.424
1686274987.531,-16.602,-189.453,-139.160,-36.621,1693.427
1686274987.535,-83.496,335.938,62.500,-111.328,1693.431
1686274987.539,-91.309,359.375,20.020,-79.102,1693.435
1686274987.541,-26.855,174.316,-43.945,-14.160,1693.437
1686274987.545,-3.906,258.789,-2.441,-37.598,1693.441
1686274987.549,-63.477,296.387,-6.836,-99.609,1693.445
1686274987.553,-108.398,8.301,-132.812,-96.680,1693.449
1686274987.557,-61.035,-253.418,-192.871,-33.691,1693.453
1686274987.561,-13.184,-306.152,-192.871,-27.344,1693.457
1686274987.565,-50.293,-32.227,-85.938,-105.469,1693.461
1686274987.568,-93.750,129.883,-53.711,-116.211,1693.465
1686274987.572,-60.059,-455.078,-228.516,-32.227,1693.469
1686274987.576,-3.906,-242.676,-49.805,-1.465,1693.473
1686274987.580,-30.273,458.008,92.285,-69.336,1693.476
1686274987.584,-102.051,124.023,-114.258,-102.051,1693.480
1686274987.587,-88.379,-62.500,-160.645,-50.293,1693.482
1686274987.591,-4.883,332.031,58.105,-8.789,1693.486
1686274987.595,-1.465,275.391,10.742,-40.527,1693.490
1686274987.599,-63.965,-281.250,-274.414,-76.172,1693.494
1686274987.603,-74.707,-555.176,-345.703,-42.480,1693.498
1686274987.607,-10.254,-202.637,-121.094,-1.953,1693.502
1686274987.611,12.695,39.551,-71.777,-21.973,1693.506
1686274987.614,-50.781,-358.398,-309.082,-69.336,1693.510
1686274987.618,-91.797,-862.793,-381.836,-57.617,1693.514
1686274987.622,-33.691,-107.910,-26.855,-9.766,1693.517
1686274987.626,12.207,433.594,41.016,-11.230,1693.521
1686274987.630,-43.457,157.715,-89.844,-71.777,1693.525
1686274987.631,-91.797,183.105,-44.434,-99.121,1693.528
1686274987.635,-43.945,423.828,66.406,-42.480,1693.532
1686274987.639,20.020,337.891,-37.598,-2.441,1693.536
1686274987.643,-10.742,102.539,-88.379,-47.852,1693.540
1686274987.647,-79.590,143.555,-23.438,-87.891,1693.544
1686274987.651,-78.125,20.020,-111.816,-34.668,1693.548
1686274987.655,-9.277,15.625,-99.609,17.090,1693.552
1686274987.658,3.418,-392.578,-184.082,-13.672,1693.556
1686274987.662,-63.477,-555.664,-220.703,-67.871,1693.560
1686274987.666,-76.172,187.988,2.441,-64.941,1693.564
1686274987.670,-19.043,208.008,-41.016,-1.465,1693.567
1686274987.674,3.906,-205.078,-158.691,-6.836,1693.571
1686274987.676,-47.852,16.113,-28.320,-86.426,1693.572
1686274987.680,-88.379,310.547,30.273,-94.727,1693.576
1686274987.684,-41.016,-99.609,-183.594,-4.883,1693.580
1686274987.688,9.277,-355.469,-274.414,20.996,1693.584
1686274987.692,-21.973,171.387,11.719,-64.941,1693.588
1686274987.696,-75.684,116.211,-69.336,-93.262,1693.592
1686274987.700,-56.641,-457.031,-317.871,-20.020,1693.596
1686274987.703,0.977,-723.633,-330.566,27.344,1693.600
1686274987.707,-9.277,29.785,-12.695,-35.645,1693.604
1686274987.711,-64.941,403.320,39.062,-88.379,1693.608
1686274987.715,-53.711,2.930,-135.254,-35.645,1693.611
1686274987.719,4.395,-20.508,-93.262,11.719,1693.615
1686274987.736,6.348,354.492,68.848,-36.621,1693.632
1686274987.740,-48.828,364.746,-13.672,-83.984,1693.636
1686274987.744,-80.078,-184.082,-192.871,-57.617,1693.640
1686274987.748,-23.926,-83.496,-60.547,4.395,1693.644
1686274987.752,17.090,357.422,29.297,-1.953,1693.648
1686274987.756,-35.156,24.902,-186.523,-62.988,1693.652
1686274987.760,-78.613,-593.750,-299.316,-62.500,1693.656
1686274987.763,-40.527,-375.000,-112.793,-8.789,1693.660
1686274987.767,20.020,364.746,64.941,0.000,1693.664
1686274987.771,-5.859,191.406,-66.895,-51.270,1693.667
1686274987.775,-65.430,-36.621,-133.301,-81.055,1693.671
1686274987.779,-39.062,222.168,6.836,-30.273,1693.675
1686274987.767,17.578,428.223,65.918,14.160,1693.676
1686274987.771,-0.488,89.844,-151.855,-20.996,1693.680
1686274987.775,-68.848,-424.316,-361.328,-68.848,1693.684
1686274987.779,-66.406,-157.715,-127.441,-43.457,1693.688
1686274987.783,15.137,357.910,70.312,14.648,1693.692
1686274987.787,16.113,-191.895,-214.355,-4.395,1693.696
1686274987.791,-56.152,-771.484,-396.973,-68.848,1693.700
1686274987.794,-78.613,-16.602,-25.391,-77.148,1693.704
1686274987.798,-15.625,364.258,49.805,-12.207,1693.708
1686274987.802,23.438,-332.520,-275.879,8.789,1693.711
1686274987.806,-29.297,-669.922,-319.336,-50.293,1693.715
1686274987.810,-69.824,109.375,5.371,-83.984,1693.719
1686274987.813,-31.738,353.516,28.809,-26.367,1693.752
1686274987.817,21.484,147.949,-66.406,3.418,1693.756
1686274987.821,-7.812,199.707,-48.340,-53.223,1693.760
1686274987.825,-71.777,220.215,-16.113,-87.402,1693.764
1686274987.829,-59.082,59.082,-97.168,-41.504,1693.768
1686274987.833,-1.465,-596.680,-357.422,26.855,1693.771
1686274987.837,-2.441,-630.859,-293.945,-8.789,1693.775
1686274987.840,-54.199,258.301,44.922,-90.332,1693.779
1686274987.844,-67.383,147.461,-91.309,-67.383,1693.783
1686274987.848,-7.812,-86.426,-126.953,-0.977,1693.787
1686274987.852,14.648,228.516,19.043,-14.648,1693.791
1686274987.856,-37.109,381.836,41.992,-75.195,1693.795
1686274987.859,-69.824,55.664,-116.211,-63.477,1693.767
1686274987.863,-22.461,-51.758,-142.578,0.000,1693.771
1686274987.867,20.996,5.859,-87.402,17.090,1693.775
1686274987.871,-26.855,53.711,-75.195,-50.781,1693.779
1686274987.875,-84.473,-144.531,-215.820,-74.707,1693.783
1686274987.879,-48.340,-729.004,-402.832,2.441,1693.786
1686274987.883,21.484,-357.422,-140.625,20.996,1693.790
1686274987.886,-3.906,104.004,-53.711,-42.480,1693.794
1686274987.890,-72.754,-154.297,-126.953,-76.172,1693.798
1686274987.894,-66.406,-177.246,-92.285,-31.738,1693.802
1686274987.898,1.465,294.434,28.809,9.277,1693.806
1686274987.902,6.836,324.219,-24.414,-19.043,1693.810
1686274987.916,-59.082,-116.699,-157.715,-69.824,1693.812
1686274987.920,-77.148,-127.441,-79.102,-63.477,1693.816
1686274987.924,-13.672,329.102,64.453,-11.230,1693.820
1686274987.928,8.789,352.051,-1.953,-15.137,1693.824
1686274987.932,-53.223,-423.828,-343.750,-62.500,1693.828
1686274987.936,-96.191,-874.512,-418.457,-56.152,1693.832
1686274987.940,-38.574,-73.730,-17.090,-11.719,1693.836
1686274987.943,22.949,292.480,4.395,-4.883,1693.840
1686274987.947,-28.320,-321.777,-247.070,-59.570,1693.844
1686274987.951,-83.008,-417.969,-198.730,-80.566,1693.848
1686274987.955,-41.504,254.883,41.016,-27.344,1693.851
1686274987.959,15.137,240.234,-38.574,2.930,1693.855
1686274987.962,-13.184,-179.688,-172.852,-53.711,1693.857
1686274987.966,-70.312,65.918,-31.250,-102.051,1693.861
1686274987.970,-57.617,134.277,-43.945,-53.711,1693.865
1686274987.974,13.672,-264.648,-259.766,8.789,1693.869
1686274987.978,21.484,-447.266,-263.672,-14.648,1693.873
1686274987.982,-48.828,-234.863,-158.203,-73.730,1693.877
1686274987.986,-74.219,78.613,-62.012,-63.965,1693.881
1686274987.989,-11.719,-125.000,-119.629,2.930,1693.885
1686274987.993,25.391,-518.555,-257.812,5.371,1693.888
1686274987.997,-18.066,151.855,22.949,-68.359,1693.892
1686274988.001,-63.477,391.113,20.508,-76.660,1693.896
1686274988.005,-23.926,7.324,-104.004,-0.488,1693.900
1686274988.008,39.062,27.832,-62.988,17.090,1693.908
1686274988.012,5.859,407.227,57.617,-49.805,1693.911
1686274988.016,-54.199,237.305,-60.059,-77.148,1693.915
1686274988.020,-34.668,-231.934,-203.613,-17.090,1693.919
1686274988.024,32.227,-76.660,-85.938,30.273,1693.923
1686274988.028,19.531,24.902,-104.004,-10.742,1693.927
1686274988.032,-53.711,-129.883,-235.352,-66.895,1693.931
1686274988.035,-60.059,-506.348,-252.930,-35.645,1693.935
1686274988.039,10.742,-317.871,-72.266,11.230,1693.939
1686274988.043,33.203,385.254,62.500,-23.438,1693.943
1686274988.047,-38.574,154.785,-93.262,-77.148,1693.947
1686274988.051,-70.801,-39.551,-133.789,-59.082,1693.951
1686274988.052,-12.207,246.582,19.531,-0.488,1693.950
1686274988.056,31.250,382.812,47.363,-2.441,1693.954
1686274988.060,-13.184,-134.277,-232.910,-47.852,1693.958
1686274988.064,-67.383,-618.164,-373.535,-43.945,1693.962
1686274988.068,-33.691,-99.609,-74.219,5.371,1693.966
1686274988.072,20.508,166.504,1.465,23.926,1693.970
1686274988.076,-3.906,-336.426,-224.121,-20.996,1693.974
1686274988.079,-69.824,-975.586,-453.613,-53.223,1693.978
1686274988.083,-59.570,-301.270,-99.121,-30.762,1693.981
1686274988.087,22.949,450.195,98.145,10.742,1693.985
1686274988.091,21.973,152.832,-78.613,-20.020,1693.989
1686274988.095,-54.199,46.875,-70.312,-86.914,1693.993
1686274988.098,-72.266,304.688,52.246,-70.801,1693.994
1686274988.102,-8.789,355.957,15.137,-7.324,1693.998
1686274988.106,25.879,127.930,-49.316,-16.113,1694.002
1686274988.110,-29.785,158.691,-9.766,-73.242,1694.006
1686274988.114,-74.219,111.328,-93.262,-60.547,1694.010
1686274988.118,-18.066,-23.926,-163.086,-2.441,1694.014
1686274988.122,35.645,-590.820,-345.703,16.113,1694.018
1686274988.125,-9.766,-698.242,-302.734,-48.340,1694.022
1686274988.129,-61.523,199.219,49.805,-91.309,1694.026
1686274988.133,-34.180,181.152,-59.570,-35.156,1694.030
1686274988.137,33.691,48.828,-90.820,2.441,1694.033
1686274988.141,11.230,284.668,21.484,-43.457,1694.037
1686274988.142,-62.988,343.262,23.926,-88.867,1694.052
1686274988.146,-56.152,122.559,-42.969,-37.109,1694.056
1686274988.150,8.301,-190.918,-163.574,20.020,1694.060
1686274988.154,8.301,-65.918,-70.312,-23.926,1694.064
1686274988.158,-55.176,199.219,0.000,-81.055,1694.068
1686274988.162,-84.473,-226.074,-241.699,-54.688,1694.071
1686274988.166,-34.668,-945.801,-441.406,16.113,1694.075
1686274988.169,1.953,-574.219,-253.418,-8.301,1694.079
1686274988.173,-40.527,166.504,-37.109,-84.961,1694.083
1686274988.177,-85.938,-174.805,-167.480,-84.473,1694.087
1686274988.181,-47.363,-246.094,-126.465,-20.508,1694.091
1686274988.185,13.184,364.746,74.219,3.906,1694.095
1686274988.188,-20.996,296.387,-21.973,-52.734,1694.096
1686274988.192,-81.543,8.789,-111.816,-85.449,1694.100
1686274988.196,-58.594,110.352,-33.203,-32.227,1694.104
1686274988.200,16.602,402.832,68.359,10.254,1694.108
1686274988.204,18.555,259.277,-50.781,-30.273,1694.112
1686274988.208,-59.570,-258.301,-227.051,-76.172,1694.116
1686274988.212,-81.543,-210.449,-120.117,-45.898,1694.120
1686274988.215,-9.277,287.109,53.711,6.348,1694.124
1686274988.219,3.906,182.617,-79.102,-9.277,1694.128
1686274988.223,-65.918,-498.047,-302.734,-68.359,1694.131
1686274988.227,-83.008,-500.977,-227.051,-61.523,1694.135
1686274988.231,-15.137,208.496,23.926,-13.184,1694.139
1686274988.246,30.273,136.719,-77.148,-13.184,1694.156
1686274988.250,-14.648,-263.184,-208.984,-54.199,1694.160
1686274988.254,-74.707,-172.852,-134.277,-63.965,1694.164
1686274988.258,-42.969,53.711,-39.551,-13.672,1694.167
1686274988.262,23.438,-15.625,-126.953,13.672,1694.171
1686274988.266,-10.254,-766.113,-410.645,-29.297,1694.175
1686274988.270,-78.613,-422.363,-137.207,-88.379,1694.179
1686274988.273,-52.734,367.676,81.543,-53.223,1694.183
1686274988.277,17.090,-41.504,-122.070,13.672,1694.187
1686274988.281,10.742,-221.191,-178.711,-26.855,1694.191
1686274988.285,-53.711,332.520,35.645,-87.891,1694.195
1686274988.289,-65.430,332.031,2.930,-54.199,1694.199
1686274988.291,1.465,-2.441,-132.812,9.277,1694.187
1686274988.295,20.996,-28.320,-122.070,-12.207,1694.191
1686274988.299,-37.598,286.133,29.785,-83.496,1694.195
1686274988.303,-70.312,284.180,-21.973,-82.520,1694.199
1686274988.307,-24.414,-165.039,-175.781,-11.230,1694.203
1686274988.311,26.367,-325.684,-225.098,-1.953,1694.207
1686274988.315,-5.859,-68.848,-162.598,-72.266,1694.211
1686274988.318,-63.477,110.352,-77.148,-89.355,1694.215
1686274988.322,-45.898,-518.066,-288.086,-18.066,1694.219
1686274988.326,13.672,-555.176,-247.559,13.672,1694.223
1686274988.330,2.930,329.590,51.270,-49.805,1694.226
1686274988.334,-71.777,140.137,-78.613,-95.215,1694.230
1686274988.336,-74.219,-104.980,-142.578,-51.270,1694.232
1686274988.340,8.789,283.691,42.969,0.977,1694.236
1686274988.344,18.555,193.359,-50.293,-29.785,1694.240
1686274988.348,-65.430,-315.918,-316.406,-84.961,1694.244
1686274988.352,-89.844,-781.738,-398.438,-57.129,1694.248
1686274988.356,-11.719,-515.137,-200.684,5.859,1694.252
1686274988.360,25.879,189.941,7.324,-20.020,1694.256
1686274988.363,-42.480,-183.594,-183.105,-82.520,1694.259
1686274988.367,-91.309,-615.234,-291.016,-70.312,1694.263
1686274988.371,-33.203,210.938,79.590,-16.602,1694.267
1686274988.375,24.414,504.395,68.848,-7.324,1694.271
1686274988.379,-21.484,151.367,-104.004,-66.895,1694.275
1686274988.381,-78.125,84.961,-55.176,-83.008,1694.277
1686274988.385,-34.668,374.512,68.848,-24.902,1694.281
1686274988.389,27.832,363.770,5.859,1.953,1694.285
1686274988.393,3.906,111.816,-91.309,-42.969,1694.289
1686274988.397,-50.293,98.145,-80.078,-72.266,1694.293
1686274988.401,-47.852,-65.430,-162.598,-32.227,1694.297
1686274988.405,16.602,-21.973,-119.629,11.230,1694.301
1686274988.408,20.020,-540.527,-295.410,0.000,1694.305
1686274988.412,-44.922,-724.609,-296.875,-57.617,1694.309
1686274988.416,-55.176,236.328,64.453,-54.688,1694.313
1686274988.420,-6.348,197.266,-70.312,19.531,1694.316
1686274988.424,24.414,-113.281,-124.512,20.996,1694.320
1686274988.427,-28.809,196.289,7.812,-61.523,1694.322
1686274988.431,-75.195,432.617,62.988,-68.848,1694.326
1686274988.435,-28.809,-8.789,-168.457,16.602,1694.330
1686274988.439,25.391,-731.934,-358.887,37.598,1694.334
1686274988.443,-2.930,-261.230,-71.777,-34.180,1694.338
1686274988.447,-67.871,115.723,-72.266,-65.918,1694.342
1686274988.451,-45.410,-356.445,-262.207,0.977,1694.346
1686274988.454,26.855,-516.113,-221.680,37.109,1694.350
1686274988.458,19.043,-86.914,-37.598,-24.902,1694.354
1686274988.462,-43.945,289.062,20.508,-75.195,1694.357
1686274988.466,-57.129,-144.043,-166.992,-28.809,1694.361
1686274988.470,0.000,-357.910,-216.797,33.203,1694.365
1686274988.473,37.598,398.926,93.262,4.395,1694.369
1686274988.477,-13.672,366.211,-20.020,-53.223,1694.373
1686274988.481,-60.547,132.324,-53.223,-41.016,1694.377
1686274988.485,-2.930,339.355,66.406,25.879,1694.381
1686274988.489,40.527,451.172,51.270,19.531,1694.385
1686274988.493,-16.602,114.746,-103.516,-50.293,1694.389
1686274988.497,-69.824,-551.758,-291.504,-59.570,1694.393
1686274988.500,-32.715,-366.699,-124.023,-1.465,1694.397
1686274988.504,28.809,437.012,106.934,12.207,1694.401
1686274988.508,-2.441,300.293,-14.648,-43.457,1694.405
1686274988.512,-79.102,-14.648,-134.277,-75.684,1694.409
1686274988.516,-71.289,25.391,-33.691,-35.156,1694.412
1686274988.517,0.977,367.676,109.375,11.230,1694.425
1686274988.521,2.441,211.914,-61.523,-17.578,1694.429
1686274988.525,-61.523,-471.680,-336.914,-65.430,1694.433
1686274988.529,-75.195,-216.797,-138.672,-43.945,1694.437
1686274988.533,-3.906,383.789,105.469,11.719,1694.441
1686274988.537,23.438,-19.043,-147.949,8.789,1694.445
1686274988.541,-50.781,-949.219,-500.488,-48.828,1694.449
1686274988.544,-83.496,-439.941,-186.523,-67.383,1694.453
1686274988.548,-13.672,366.211,80.078,-13.672,1694.456
1686274988.552,40.039,180.664,-22.461,5.859,1694.460
1686274988.556,-4.395,154.297,-20.020,-54.199,1694.464
1686274988.560,-60.059,374.023,48.340,-70.312,1694.468
1686274988.579,-29.297,365.234,20.996,-12.207,1694.483
1686274988.583,33.691,10.254,-107.422,19.043,1694.487
1686274988.587,6.836,-34.180,-109.375,-33.691,1694.491
1686274988.591,-62.500,292.969,28.809,-78.125,1694.495
1686274988.595,-55.664,405.273,65.918,-35.645,1694.498
1686274988.599,7.324,-420.410,-274.414,44.922,1694.502
1686274988.603,12.695,-664.062,-294.922,11.230,1694.506
1686274988.606,-42.969,270.508,65.430,-75.684,1694.510
1686274988.610,-56.152,195.801,-45.898,-49.316,1694.514
1686274988.614,11.230,-44.434,-77.148,30.273,1694.518
1686274988.618,49.316,224.609,30.273,19.043,1694.522
1686274988.622,-11.719,367.676,54.199,-56.152,1694.526
1686274988.621,-62.500,100.586,-98.633,-53.223,1694.517
1686274988.625,-18.555,-13.672,-131.836,13.184,1694.521
1686274988.629,29.785,41.504,-46.387,22.461,1694.525
1686274988.633,-2.441,21.484,-46.875,-46.875,1694.529
1686274988.637,-56.641,-191.406,-162.109,-58.594,1694.533
1686274988.641,-24.414,-472.656,-296.875,16.602,1694.537
1686274988.645,20.508,-57.129,-62.500,16.602,1694.541
1686274988.648,-11.230,333.496,58.105,-68.848,1694.545
1686274988.652,-63.965,-157.227,-189.941,-83.984,1694.549
1686274988.656,-81.055,-1000.000,-516.602,-21.484,1694.552
1686274988.660,-14.648,-574.707,-206.055,14.160,1694.556
1686274988.664,3.906,316.406,83.984,-25.879,1694.560
1686274988.666,-76.172,110.352,-88.379,-95.215,1694.562
1686274988.670,-101.074,107.422,-46.875,-74.707,1694.566
1686274988.674,-32.715,414.062,76.172,-5.859,1694.570
1686274988.678,10.254,351.074,-12.695,-13.672,1694.573
1686274988.682,-46.387,59.570,-129.395,-74.707,1694.577
1686274988.686,-91.797,-151.855,-192.871,-74.707,1694.581
1686274988.690,-49.805,-160.156,-155.273,-11.719,1694.585
1686274988.693,0.977,72.754,-22.949,0.977,1694.589
1686274988.697,-35.645,-543.457,-306.641,-42.480,1694.593
1686274988.701,-85.938,-687.500,-306.641,-66.895,1694.597
1686274988.705,-53.223,271.484,68.359,-27.832,1694.601
1686274988.709,2.441,209.961,-48.828,11.230,1694.605
1686274988.711,-4.395,68.359,-91.309,-26.367,1694.607
1686274988.715,-57.617,283.203,-1.465,-71.289,1694.611
1686274988.719,-73.242,173.828,-27.344,-33.691,1694.615
1686274988.723,-11.230,-226.074,-208.008,26.855,1694.619
1686274988.727,20.996,-443.848,-238.281,0.488,1694.623
1686274988.731,-40.527,-193.848,-97.168,-65.430,1694.627
1686274988.735,-74.219,91.797,-36.133,-60.059,1694.631
1686274988.738,-15.137,-154.785,-139.648,15.625,1694.635
1686274988.742,15.625,-525.391,-234.863,30.273,1694.639
1686274988.746,-37.109,-102.539,-41.992,-63.477,1694.642
1686274988.750,-82.031,234.375,-17.090,-95.703,1694.646
1686274988.754,-51.758,-88.867,-96.680,-26.855,1694.650
1686274988.756,9.277,-119.629,-45.410,-2.930,1694.652
1686274988.760,0.488,403.320,76.172,-58.594,1694.656
1686274988.764,-64.453,275.879,-34.180,-82.520,1694.660
1686274988.768,-62.988,41.992,-99.121,-31.738,1694.664
1686274988.772,7.812,170.410,-28.809,14.648,1694.668
1686274988.776,8.789,77.148,-52.246,-16.113,1694.671
1686274988.780,-59.082,-110.840,-161.133,-71.777,1694.675
1686274988.783,-78.613,-507.812,-243.164,-41.016,1694.679
1686274988.787,-19.043,-282.227,-58.594,9.766,1694.683
1686274988.791,11.230,486.328,121.582,-24.902,1694.687
1686274988.795,-54.688,249.023,-37.109,-82.031,1694.691
1686274988.799,-100.098,-174.316,-203.613,-83.008,1694.695
1686274988.802,-45.410,-2.930,-72.266,-22.461,1694.700
1686274988.806,13.672,392.090,89.355,-7.324,1694.704
1686274988.810,-25.391,-10.742,-205.078,-64.941,1694.708
1686274988.814,-74.219,-790.039,-425.781,-81.055,1694.711
1686274988.818,-38.086,-292.969,-84.961,-33.691,1694.715
1686274988.822,23.926,213.379,20.996,-0.488,1694.719
1686274988.826,0.977,-301.270,-227.051,-44.434,1694.723
1686274988.829,-73.242,-604.980,-328.613,-76.660,1694.727
1686274988.833,-68.848,28.809,-38.574,-38.086,1694.731
1686274988.837,8.301,405.273,52.734,2.930,1694.735
1686274988.841,25.391,180.176,-58.105,-18.555,1694.739
1686274988.845,-36.133,124.512,-45.898,-65.430,1694.743
1686274988.849,-77.148,347.168,60.059,-62.012,1694.755
1686274988.853,-24.414,372.559,27.832,-5.859,1694.759
1686274988.857,15.625,-45.898,-130.371,2.441,1694.763
1686274988.861,-41.016,-140.137,-97.168,-57.617,1694.767
1686274988.865,-78.613,198.730,-6.836,-72.266,1694.771
1686274988.869,-30.273,141.113,-47.363,-10.254,1694.775
1686274988.873,17.090,-582.520,-329.102,25.879,1694.778
1686274988.876,-16.602,-721.680,-313.965,-33.691,1694.782
1686274988.880,-71.289,152.344,58.594,-88.867,1694.786
1686274988.884,-51.758,199.707,-51.270,-32.715,1694.790
1686274988.888,14.648,54.199,-93.750,16.113,1694.794
1686274988.892,9.766,222.168,0.000,-27.344,1694.798
1686274988.891,-55.664,279.297,-5.371,-76.660,1694.801
1686274988.895,-66.406,105.957,-65.918,-41.016,1694.805
1686274988.899,0.488,-206.055,-221.191,23.926,1694.809
1686274988.903,12.207,-55.664,-126.465,-4.395,1694.813
1686274988.907,-49.805,204.590,-5.371,-70.801,1694.817
1686274988.911,-76.660,-177.734,-222.656,-47.363,1694.821
1686274988.915,-27.344,-998.535,-533.691,30.762,1694.825
1686274988.918,23.438,-629.883,-248.047,14.648,1694.829
1686274988.922,-11.719,252.441,37.109,-70.801,1694.833
1686274988.926,-75.195,-41.504,-129.883,-71.289,1694.837
1686274988.930,-28.809,-9.277,-35.645,-3.418,1694.841
1686274988.934,37.598,449.219,80.566,9.766,1694.844
1686274988.953,-14.648,350.098,-0.977,-53.711,1694.850
1686274988.957,-82.031,10.742,-145.508,-88.867,1694.853
1686274988.961,-57.129,40.527,-77.148,-43.945,1694.857
1686274988.965,14.160,352.051,55.664,-0.977,1694.861
1686274988.969,0.977,310.547,-34.668,-35.156,1694.865
1686274988.973,-76.660,-206.055,-229.980,-75.684,1694.869
1686274988.977,-82.520,-183.105,-129.883,-53.711,1694.873
1686274988.980,-14.160,121.094,-25.391,-8.301,1694.877
1686274988.984,7.812,1.465,-165.039,-20.020,1694.881
1686274988.988,-57.129,-625.488,-375.488,-59.570,1694.885
1686274988.992,-92.285,-513.672,-221.191,-52.246,1694.889
1686274988.996,-27.344,295.898,61.035,-4.395,1694.893
1686274988.996,21.484,98.145,-102.539,6.348,1694.892
1686274989.000,-24.414,-14.160,-127.930,-60.547,1694.896
1686274989.004,-84.961,-5.371,-118.164,-79.102,1694.900
1686274989.008,-53.223,29.785,-71.777,-20.996,1694.904
1686274989.012,11.230,-59.570,-108.887,1.953,1694.908
1686274989.016,-14.648,-454.590,-349.121,-54.199,1694.912
1686274989.020,-70.312,-154.297,-144.531,-100.586,1694.916
1686274989.023,-56.152,355.469,72.754,-49.316,1694.919
1686274989.027,8.789,8.301,-159.668,20.020,1694.923
1686274989.031,6.836,-868.164,-422.852,2.441,1694.927
1686274989.035,-56.641,-500.000,-181.641,-70.312,1694.931
1686274989.039,-67.871,226.562,-13.184,-56.152,1694.935
1686274989.041,0.000,-48.828,-82.520,27.832,1694.937
1686274989.045,20.020,-78.613,-36.621,2.441,1694.941
1686274989.049,-45.898,370.605,50.293,-86.914,1694.945
1686274989.053,-69.824,293.457,-30.273,-69.824,1694.949
1686274989.057,-8.789,134.277,-45.898,9.277,1694.953
1686274989.061,42.969,-40.039,-69.824,25.391,1694.957
1686274989.065,0.977,16.602,-53.223,-38.086,1694.961
1686274989.068,-51.758,182.617,-58.594,-66.895,1694.965
1686274989.072,-28.809,-417.480,-215.332,2.930,1694.969
1686274989.076,36.621,-242.676,-45.410,37.598,1694.972
1686274989.080,35.645,474.121,87.402,-16.602,1694.976
1686274989.084,-24.414,207.031,-84.961,-51.270,1694.980
1686274989.086,-41.992,-151.367,-201.660,-13.672,1694.983
1686274989.090,15.625,59.570,-43.457,33.203,1694.987
1686274989.094,29.297,201.172,2.441,8.789,1694.991
1686274989.098,-33.691,-208.008,-281.738,-46.387,1694.995
1686274989.102,-64.941,-768.555,-437.012,-23.926,1694.999
1686274989.106,-10.254,-571.777,-223.145,39.062,1695.003
1686274989.110,29.785,144.043,19.531,20.020,1695.006
1686274989.113,-23.926,-132.812,-174.316,-35.645,1695.010
1686274989.117,-76.172,-555.664,-272.461,-35.645,1695.014
1686274989.121,-24.414,190.918,65.918,9.277,1695.018
1686274989.125,42.969,485.352,60.059,21.973,1695.022
1686274989.129,4.395,184.082,-65.918,-37.598,1695.026
1686274989.147,-63.477,126.953,-61.035,-66.406,1695.044
1686274989.151,-43.945,385.254,70.801,-16.602,1695.048
1686274989.155,27.344,382.324,17.578,20.508,1695.052
1686274989.159,19.531,-22.461,-152.832,-17.090,1695.056
1686274989.163,-49.316,-47.852,-89.844,-64.453,1695.060
1686274989.167,-54.688,-10.254,-98.145,-34.180,1695.064
1686274989.171,13.672,17.090,-73.730,17.090,1695.068
1686274989.174,28.320,-516.602,-272.461,7.324,1695.072
1686274989.178,-43.457,-605.469,-296.387,-61.035,1695.076
1686274989.182,-73.242,313.477,72.266,-69.336,1695.079
1686274989.186,-25.879,278.320,-2.930,4.883,1695.083
1686274989.190,16.602,90.820,-83.496,14.648,1695.087
1686274989.176,-17.578,234.863,-17.578,-41.504,1695.072
1686274989.180,-69.336,367.188,26.855,-61.035,1695.076
1686274989.184,-42.969,-8.789,-151.367,1.465,1695.080
1686274989.188,12.207,-310.547,-241.211,30.762,1695.084
1686274989.192,-0.488,165.527,-0.488,-36.133,1695.088
1686274989.196,-58.105,55.176,-122.559,-72.266,1695.092
1686274989.200,-55.664,-445.312,-307.617,-15.625,1695.096
1686274989.203,17.090,-349.609,-171.875,30.762,1695.100
1686274989.207,25.879,183.594,9.766,-21.484,1695.104
1686274989.211,-42.480,357.422,15.137,-79.590,1695.108
1686274989.215,-65.430,-275.391,-263.184,-36.621,1695.111
1686274989.219,-1.953,-969.238,-427.246,35.156,1695.115
1686274989.223,34.180,-175.293,-24.902,2.441,1695.119
1686274989.227,-28.320,319.336,-3.418,-68.359,1695.123
1686274989.231,-69.824,7.812,-173.340,-53.223,1695.127
1686274989.235,-22.461,137.695,-63.477,14.648,1695.131
1686274989.239,23.438,369.629,19.043,20.020,1695.135
1686274989.243,-11.230,123.047,-124.023,-36.133,1695.139
1686274989.247,-62.012,-574.219,-341.797,-43.945,1695.143
1686274989.250,-42.480,-424.805,-190.430,-8.301,1695.147
1686274989.254,18.555,173.340,-37.109,3.418,1695.151
1686274989.258,0.000,-72.266,-245.605,-45.410,1695.155
1686274989.262,-77.637,-264.648,-238.281,-88.867,1695.159
1686274989.266,-79.102,97.168,-27.344,-51.270,1695.162
1686274989.266,-0.488,435.547,62.012,-1.953,1695.177
1686274989.270,5.859,196.289,-95.215,-32.227,1695.181
1686274989.274,-79.102,-206.055,-277.344,-88.867,1695.184
1686274989.278,-91.797,-154.785,-205.566,-62.500,1695.188
1686274989.282,-7.324,286.621,7.812,-8.789,1695.192
1686274989.286,18.555,-59.082,-176.758,-24.414,1695.196
1686274989.290,-43.945,-975.586,-522.949,-68.848,1695.200
1686274989.293,-74.707,-413.086,-178.711,-85.938,1695.204
1686274989.297,-20.020,429.199,75.195,-35.156,1695.208
1686274989.301,29.785,178.223,-71.289,-9.277,1695.212
1686274989.305,-6.348,49.805,-86.426,-67.871,1695.216
1686274989.309,-68.359,78.613,-93.750,-94.238,1695.220
1686274989.327,-46.387,245.605,-35.645,-44.434,1695.223
1686274989.331,16.113,-29.297,-79.102,8.789,1695.227
1686274989.335,2.930,-109.863,-84.473,-25.391,1695.231
1686274989.339,-62.500,319.336,33.203,-79.590,1695.235
1686274989.343,-66.406,289.551,-6.348,-40.527,1695.239
1686274989.347,-1.465,-77.148,-153.809,17.090,1695.243
1686274989.351,11.230,-94.238,-107.422,-20.996,1695.246
1686274989.354,-45.410,269.531,16.602,-87.891,1695.250
1686274989.358,-62.988,191.895,-80.078,-65.918,1695.254
1686274989.362,-1.465,-302.734,-206.543,7.812,1695.258
1686274989.366,24.902,-102.539,-65.918,6.836,1695.262
1686274989.370,-5.859,371.582,54.199,-41.016,1695.266
1686274989.371,-59.570,81.055,-121.094,-55.176,1695.269
1686274989.375,-62.012,-188.965,-224.609,-30.273,1695.272
1686274989.379,-9.766,-100.098,-161.133,-4.395,1695.276
1686274989.383,-31.250,-55.176,-180.176,-53.711,1695.280
1686274989.387,-93.750,-214.355,-315.430,-98.633,1695.284
1686274989.391,-93.262,-802.734,-441.406,-38.574,1695.288
1686274989.395,-21.973,-381.836,-103.516,-7.324,1695.292
1686274989.398,-14.648,465.820,74.219,-72.754,1695.296
1686274989.402,-80.078,-150.879,-245.605,-103.027,1695.300
1686274989.406,-94.727,-735.840,-373.535,-54.199,1695.304
1686274989.410,-19.531,86.426,-21.973,-1.465,1695.308
1686274989.414,7.324,410.156,12.695,-17.578,1695.311
1686274989.416,-55.664,74.219,-122.070,-79.102,1695.313
1686274989.420,-82.031,121.582,-61.523,-81.543,1695.317
1686274989.424,-20.020,402.344,47.852,-24.414,1695.321
1686274989.428,25.879,344.238,-11.719,-14.648,1695.325
1686274989.432,-29.785,-94.238,-193.848,-74.707,1695.329
1686274989.436,-88.379,-315.918,-254.883,-84.961,1695.333
1686274989.440,-59.570,10.254,-79.590,-21.973,1695.336
1686274989.443,8.301,358.398,14.160,-0.977,1695.340
1686274989.447,-17.578,-462.891,-325.684,-46.875,1695.344
1686274989.451,-92.285,-583.496,-273.438,-83.984,1695.348
1686274989.455,-62.012,393.555,83.008,-41.992,1695.352
1686274989.459,8.789,312.988,-23.926,13.672,1695.356
1686274989.461,3.906,83.496,-120.117,-25.391,1695.357
1686274989.465,-60.547,209.473,-28.320,-91.309,1695.361
1686274989.469,-79.590,81.543,-96.680,-63.965,1695.365
1686274989.473,-21.973,-260.254,-314.453,1.465,1695.369
1686274989.477,0.000,-467.773,-293.945,-11.230,1695.373
1686274989.481,-52.734,-287.598,-175.781,-80.566,1695.377
1686274989.485,-97.656,-120.605,-178.711,-88.379,1695.381
1686274989.488,-39.062,-304.199,-270.020,-9.277,1695.385
1686274989.492,20.020,-808.105,-362.793,21.973,1695.389
1686274989.496,-18.066,-170.898,-56.641,-57.129,1695.393
1686274989.500,-65.918,378.418,8.301,-86.426,1695.397
1686274989.504,-40.527,69.336,-110.352,-19.043,1695.400
1686274989.506,18.555,205.078,-26.367,8.789,1695.404
1686274989.510,2.441,454.590,48.828,-47.852,1695.408
1686274989.514,-63.477,326.660,-36.133,-84.961,1695.411
1686274989.518,-61.523,73.242,-132.812,-28.809,1695.415
1686274989.522,7.324,117.676,-78.613,16.602,1695.419
1686274989.526,14.160,58.105,-107.422,-15.625,1695.423
1686274989.530,-50.781,-34.668,-203.125,-70.801,1695.427
1686274989.533,-78.125,-472.168,-273.926,-45.898,1695.431
1686274989.537,-10.254,-353.027,-110.840,18.066,1695.435
1686274989.541,33.203,187.500,-28.320,2.441,1695.439
1686274989.545,-26.855,-84.473,-239.258,-67.871,1695.443
1686274989.549,-80.566,-253.418,-171.875,-79.590,1695.447
1686274989.551,-32.227,142.578,33.691,-6.348,1695.447
1686274989.555,28.320,516.602,80.078,9.766,1695.451
1686274989.559,-3.906,-16.602,-205.566,-48.340,1695.455
1686274989.563,-62.988,-393.555,-290.039,-70.312,1695.459
1686274989.567,-41.504,123.047,0.977,-21.973,1695.463
1686274989.571,22.461,184.082,-31.738,14.648,1695.467
1686274989.575,-1.465,-346.191,-276.367,-20.508,1695.471
1686274989.578,-83.496,-771.484,-392.578,-58.105,1695.475
1686274989.582,-84.473,-77.148,-34.668,-42.969,1695.479
1686274989.586,-2.930,449.219,57.617,1.465,1695.483
1686274989.590,19.043,171.387,-90.332,-17.578,1695.487
1686274989.594,-55.176,62.012,-90.332,-84.473,1695.490
1686274989.599,-88.379,67.383,-101.074,-71.289,1695.500
1686274989.603,-22.461,259.766,-57.617,-2.930,1695.504
1686274989.607,13.672,-30.273,-113.770,7.812,1695.508
1686274989.611,-34.668,-112.305,-100.098,-51.270,1695.512
1686274989.615,-78.125,288.574,-5.859,-78.125,1695.516
1686274989.619,-41.016,166.992,-72.754,-15.137,1695.520
1686274989.623,12.695,-496.582,-304.688,29.297,1695.523
1686274989.626,-18.066,-417.969,-194.336,-38.574,1695.527
1686274989.630,-71.289,326.660,31.250,-90.820,1695.531
1686274989.634,-52.246,195.801,-77.148,-31.250,1695.535
1686274989.638,16.113,83.008,-78.125,16.113,1695.539
1686274989.642,12.695,271.973,-1.953,-37.109,1695.543
1686274989.641,-53.223,336.426,19.531,-88.379,1695.567
1686274989.645,-63.477,62.500,-114.258,-46.387,1695.571
1686274989.649,-3.906,-238.281,-278.809,19.531,1695.575
1686274989.653,10.742,-175.293,-202.637,-3.418,1695.579
1686274989.657,-49.316,-64.941,-144.531,-76.172,1695.583
1686274989.661,-77.148,-257.324,-262.695,-61.523,1695.587
1686274989.665,-35.645,-979.980,-541.504,32.227,1695.591
1686274989.668,4.883,-673.340,-300.781,23.438,1695.594
1686274989.672,-17.578,256.836,46.875,-71.289,1695.598
1686274989.676,-63.965,118.652,-83.496,-77.637,1695.602
1686274989.680,-38.574,128.418,-41.504,-9.766,1695.606
1686274989.684,24.902,461.426,56.641,20.020,1695.610
1686274989.688,6.836,368.652,-10.254,-29.297,1695.596
1686274989.692,-59.570,106.934,-100.098,-77.637,1695.600
1686274989.696,-54.199,57.129,-77.637,-39.551,1695.604
1686274989.700,12.207,285.156,37.598,7.324,1695.608
1686274989.704,9.766,305.664,-20.508,-26.367,1695.612
1686274989.708,-69.824,-147.461,-201.660,-73.730,1695.616
1686274989.712,-76.660,-313.965,-209.473,-39.062,1695.620
1686274989.715,4.883,102.051,-51.270,20.508,1695.623
1686274989.719,21.484,241.211,-32.227,-2.930,1695.627
1686274989.723,-40.039,-143.555,-185.059,-71.777,1695.631
1686274989.727,-74.219,19.043,-82.031,-75.684,1695.635
1686274989.731,-20.996,396.484,65.430,-11.719,1695.639
1686274989.746,32.227,216.797,-68.848,-3.418,1695.642
1686274989.750,-17.578,-556.641,-314.453,-53.711,1695.646
1686274989.754,-71.289,-580.078,-250.488,-66.895,1695.650
1686274989.758,-36.133,63.477,-39.551,-16.113,1695.654
1686274989.762,8.789,72.754,-108.887,7.812,1695.658
1686274989.766,-24.902,-726.074,-391.113,-36.133,1695.662
1686274989.770,-76.172,-428.711,-159.180,-82.031,1695.666
1686274989.773,-60.059,223.145,-0.488,-43.457,1695.670
1686274989.777,-4.395,-307.617,-252.441,26.855,1695.674
1686274989.781,-3.906,-556.641,-266.602,3.418,1695.678
1686274989.785,-57.617,174.316,45.898,-71.777,1695.681
1686274989.789,-73.242,355.469,3.906,-52.734,1695.685
1686274989.791,-10.254,86.914,-91.309,14.160,1695.688
1686274989.795,32.227,210.938,-35.645,5.371,1695.691
1686274989.799,-19.531,382.324,12.207,-62.500,1695.695
1686274989.803,-64.941,266.113,-32.227,-70.801,1695.699
1686274989.807,-20.996,61.523,-97.168,-2.441,1695.703
1686274989.811,27.344,-66.895,-112.793,19.043,1695.707
1686274989.815,-16.113,-30.762,-107.422,-42.480,1695.711
1686274989.818,-83.008,125.977,-90.820,-78.613,1695.715
1686274989.822,-73.242,-430.176,-213.867,-20.508,1695.719
1686274989.826,1.465,-312.012,-79.590,19.043,1695.723
1686274989.830,2.441,207.520,1.465,-32.715,1695.727
1686274989.834,-63.477,-154.785,-249.512,-75.195,1695.731
1686274989.836,-67.871,-283.203,-186.035,-36.133,1695.732
1686274989.840,1.953,155.273,41.992,25.391,1695.736
1686274989.844,24.902,192.871,-39.062,-1.953,1695.740
1686274989.848,-47.363,-316.895,-313.477,-59.570,1695.744
1686274989.852,-82.031,-502.930,-303.223,-40.527,1695.748
1686274989.856,-18.555,-223.633,-79.590,15.137,1695.752
1686274989.860,26.855,179.199,12.695,11.719,1695.756
1686274989.863,-23.926,-170.410,-183.594,-49.316,1695.760
1686274989.867,-80.078,-631.348,-285.645,-62.012,1695.764
1686274989.871,-36.621,154.785,59.570,-10.742,1695.768
1686274989.875,24.902,470.215,55.664,14.648,1695.771
1686274989.879,-7.812,142.090,-81.543,-37.109,1695.775
1686274989.883,-75.195,-34.668,-125.977,-67.383,1695.784
1686274989.887,-61.035,94.238,-31.738,-20.020,1695.788
1686274989.891,8.789,345.703,21.484,20.996,1695.792
1686274989.895,0.488,-21.484,-107.422,-21.973,1695.796
1686274989.899,-66.895,-145.996,-103.027,-74.707,1695.800
1686274989.903,-83.008,-26.367,-162.109,-41.016,1695.804
1686274989.907,-16.602,5.371,-148.438,3.906,1695.808
1686274989.910,12.695,-414.062,-216.309,-7.324,1695.811
1686274989.914,-51.758,-479.004,-232.910,-71.777,1695.815
1686274989.918,-80.078,281.250,-0.488,-76.660,1695.819
1686274989.922,-18.555,268.555,-25.391,-8.789,1695.823
1686274989.926,26.855,114.746,-74.219,-3.906,1695.827
1686274989.927,-29.297,257.324,-1.953,-75.684,1695.822
1686274989.931,-81.055,380.371,36.133,-95.703,1695.826
1686274989.935,-45.898,-21.484,-170.898,-15.137,1695.830
1686274989.939,10.254,-539.551,-366.699,28.809,1695.834
1686274989.943,-1.465,-123.535,-123.047,-41.016,1695.838
1686274989.947,-60.547,53.711,-89.844,-83.496,1695.842
1686274989.951,-62.012,-303.223,-278.320,-33.691,1695.846
1686274989.954,-2.930,-952.148,-518.066,29.785,1695.850
1686274989.958,8.789,-577.148,-269.043,-4.395,1695.854
1686274989.962,-55.176,325.684,47.363,-79.102,1695.858
1686274989.966,-79.102,134.766,-89.355,-58.105,1695.862
1686274989.970,-0.488,166.016,-37.598,2.930,1695.865
1686274989.987,32.227,416.016,51.270,-20.020,1695.894
1686274989.991,-38.086,293.945,-24.902,-91.309,1695.898
1686274989.995,-91.309,36.621,-119.629,-91.797,1695.902
1686274989.999,-35.645,166.504,-35.645,-29.297,1695.906
1686274990.003,30.762,329.102,2.930,-8.789,1695.910
1686274990.007,-7.812,90.332,-122.070,-61.035,1695.914
1686274990.011,-65.918,-611.328,-369.141,-70.312,1695.918
1686274990.014,-41.504,-628.906,-284.668,-12.207,1695.922
1686274990.018,26.367,333.008,85.938,-0.977,1695.926
1686274990.022,5.371,299.316,-25.879,-46.387,1695.930
1686274990.026,-59.570,-69.824,-115.723,-82.520,1695.933
1686274990.030,-65.430,188.965,13.184,-52.246,1695.937
1686274990.031,-4.883,448.242,65.918,0.488,1695.927
1686274990.035,-0.488,194.824,-79.590,-27.832,1695.931
1686274990.039,-68.359,-302.246,-322.754,-77.637,1695.935
1686274990.043,-77.148,-171.875,-182.129,-54.199,1695.939
1686274990.047,-9.766,358.887,66.406,-1.953,1695.943
1686274990.051,8.789,-85.938,-209.473,-1.465,1695.947
1686274990.055,-56.152,-525.391,-310.059,-60.059,1695.951
1686274990.058,-87.891,81.055,-10.254,-72.266,1695.955
1686274990.062,-41.504,229.492,-14.648,-8.301,1695.959
1686274990.066,9.766,-270.020,-215.332,12.695,1695.963
1686274990.070,-26.367,-995.605,-499.512,-37.598,1695.967
1686274990.074,-81.543,-483.887,-228.027,-82.031,1695.970
1686274990.063,-52.734,270.508,14.648,-46.875,1695.972
1686274990.067,6.836,120.605,-77.637,-2.930,1695.976
1686274990.071,6.348,204.590,-50.781,-40.527,1695.979
1686274990.075,-58.105,377.441,11.719,-79.590,1695.983
1686274990.079,-66.406,362.793,-8.301,-50.781,1695.987
1686274990.083,-0.977,-141.602,-164.551,10.254,1695.991
1686274990.087,7.324,-218.750,-115.723,-10.742,1695.995
1686274990.090,-47.852,267.578,34.180,-87.402,1695.999
1686274990.094,-77.148,255.371,-50.293,-82.031,1696.003
1686274990.098,-20.996,-416.992,-208.496,0.488,1696.007
1686274990.102,27.832,-300.781,-70.801,3.906,1696.011
1686274990.106,-19.043,165.527,-52.734,-69.824,1696.015
1686274990.121,-62.988,-166.992,-275.879,-77.637,1696.018
1686274990.125,-25.879,-256.836,-203.613,-12.207,1696.021
1686274990.129,22.949,-62.012,-58.594,15.137,1696.025
1686274990.133,-2.441,-42.969,-138.672,-54.688,1696.029
1686274990.137,-66.895,-233.398,-314.941,-92.773,1696.033
1686274990.141,-65.430,-646.973,-375.000,-31.738,1696.037
1686274990.145,8.789,-197.266,-54.688,-2.441,1696.041
1686274990.148,17.578,511.719,84.473,-53.223,1696.045
1686274990.152,-63.477,-112.305,-215.820,-94.238,1696.049
1686274990.156,-81.055,-514.160,-269.531,-66.406,1696.053
1686274990.160,-10.254,319.336,79.590,-18.555,1696.057
1686274990.164,12.695,472.168,52.246,-42.480,1696.061
1686274990.168,-42.480,130.371,-86.914,-104.492,1696.069
1686274990.172,-74.707,-20.996,-155.273,-84.473,1696.073
1686274990.176,-23.438,127.930,-36.621,-12.695,1696.077
1686274990.180,17.090,368.652,29.785,-2.441,1696.081
1686274990.184,-40.527,-82.031,-179.688,-63.477,1696.085
1686274990.188,-94.727,-438.477,-268.555,-87.891,1696.089
1686274990.192,-60.547,-13.184,-73.730,-32.227,1696.093
1686274990.195,7.324,374.023,7.324,6.348,1696.097
1686274990.199,-4.395,-325.684,-232.910,-30.762,1696.101
1686274990.203,-67.871,-387.695,-119.629,-76.172,1696.105
1686274990.207,-53.223,359.375,57.129,-42.480,1696.108
1686274990.211,17.090,197.266,-76.172,7.324,1696.112
1686274990.211,15.625,36.133,-122.070,-24.414,1696.108
1686274990.215,-55.176,211.914,-35.156,-85.449,1696.111
1686274990.219,-77.148,132.812,-83.008,-75.684,1696.115
1686274990.223,-11.230,-221.191,-294.922,-4.883,1696.119
1686274990.227,12.695,-586.426,-371.094,-1.465,1696.123
1686274990.231,-47.852,-398.438,-247.070,-73.242,1696.127
1686274990.235,-79.102,38.574,-85.938,-83.984,1696.131
1686274990.238,-30.762,-1.465,-104.004,-8.789,1696.135
1686274990.242,3.418,-886.719,-500.488,28.809,1696.139
1686274990.246,-33.691,-565.430,-275.391,-55.176,1696.143
1686274990.250,-72.266,369.141,53.223,-107.422,1696.147
1686274990.254,-34.180,174.316,-82.031,-44.434,1696.150
1686274990.258,29.785,196.777,-45.898,-1.465,1696.154
1686274990.262,4.883,423.828,34.668,-51.270,1696.158
1686274990.266,-65.430,299.316,-41.504,-94.238,1696.162
1686274990.270,-68.848,70.312,-139.160,-47.852,1696.166
1686274990.274,3.418,209.473,-34.668,14.160,1696.170
1686274990.278,17.090,127.930,-83.984,-5.859,1696.174
1686274990.282,-43.945,-111.328,-220.703,-65.430,1696.178
1686274990.285,-72.754,-647.949,-395.996,-42.480,1696.182
1686274990.289,-25.391,-678.223,-299.316,18.555,1696.186
1686274990.293,17.090,278.320,73.242,-2.441,1696.190
1686274990.297,-40.527,205.078,-103.027,-70.801,1696.193
1686274990.301,-90.332,-57.617,-166.992,-78.613,1696.197
1686274990.317,-41.992,267.578,21.484,-20.996,1696.212
1686274990.321,23.926,482.910,72.754,1.953,1696.216
1686274990.325,0.000,98.145,-138.672,-43.945,1696.220
1686274990.329,-61.035,-190.918,-229.492,-75.684,1696.224
1686274990.333,-44.922,109.863,-28.320,-32.715,1696.228
1686274990.337,15.137,76.172,-96.191,16.113,1696.232
1686274990.341,11.230,-252.441,-291.016,-20.996,1696.236
1686274990.344,-66.895,-904.297,-486.816,-60.547,1696.240
1686274990.348,-76.172,-535.156,-266.113,-29.785,1696.244
1686274990.352,14.160,185.547,-41.016,18.555,1696.248
1686274990.356,29.785,-250.977,-216.797,1.953,1696.251
1686274990.360,-38.086,-227.051,-187.012,-62.012,1696.255
1686274990.378,-62.988,342.285,22.949,-62.012,1696.275
1686274990.382,-11.230,354.004,-6.348,3.906,1696.279
1686274990.386,22.461,155.762,-93.262,11.719,1696.282
1686274990.390,-12.207,235.352,-51.758,-57.617,1696.286
1686274990.394,-56.152,331.055,-13.672,-70.801,1696.290
1686274990.398,-40.039,31.738,-152.344,-8.789,1696.294
1686274990.402,4.395,-206.055,-188.477,15.625,1696.298
1686274990.405,-11.230,49.805,-43.945,-36.133,1696.302
1686274990.409,-65.918,327.148,22.461,-77.148,1696.306
1686274990.413,-60.059,256.348,-41.504,-27.344,1696.310
1686274990.417,-0.488,-382.324,-206.055,21.484,1696.314
1686274990.421,-1.465,-324.219,-132.324,-24.414,1696.318
1686274990.392,-60.059,34.668,-139.160,-83.496,1696.301
1686274990.396,-83.496,-204.102,-270.996,-50.781,1696.305
1686274990.400,-25.879,-418.457,-296.875,11.719,1696.309
1686274990.404,12.695,-130.859,-133.789,-16.602,1696.313
1686274990.408,-41.992,257.812,-23.926,-86.426,1696.317
1686274990.412,-96.680,-230.469,-282.715,-67.383,1696.321
1686274990.416,-53.711,-349.121,-249.512,1.953,1696.325
1686274990.419,-2.441,293.945,52.734,0.488,1696.329
1686274990.423,-40.039,413.574,-14.160,-57.617,1696.332
1686274990.427,-86.914,-149.902,-183.594,-72.266,1696.336
1686274990.431,-57.617,-171.387,-80.566,-7.812,1696.340
1686274990.435,6.348,369.141,56.641,20.508,1696.344
1686274990.438,-8.789,467.285,41.016,-36.133,1696.347
1686274990.442,-80.078,-243.652,-246.582,-67.871,1696.351
1686274990.446,-81.543,-1000.000,-459.473,-16.602,1696.355
1686274990.450,-10.254,-292.480,-102.539,9.277,1696.359
1686274990.454,3.418,431.641,20.996,-39.062,1696.363
1686274990.458,-65.918,-393.555,-349.121,-74.707,1696.367
1686274990.462,-102.051,-739.746,-344.727,-50.293,1696.371
1686274990.465,-25.391,276.855,37.109,-2.441,1696.375
1686274990.469,20.508,401.367,-21.973,-6.348,1696.378
1686274990.473,-43.457,41.016,-94.727,-71.289,1696.382
1686274990.477,-82.031,178.711,-20.508,-82.031,1696.386
1686274990.481,-35.156,367.676,7.812,-13.184,1696.390
1686274990.496,11.719,163.086,-89.844,9.277,1696.392
1686274990.500,-14.648,54.688,-128.906,-58.594,1696.396
1686274990.504,-76.660,2.930,-144.043,-91.797,1696.400
1686274990.508,-60.059,71.777,-79.590,-35.156,1696.404
1686274990.512,8.301,29.297,-131.348,17.090,1696.408
1686274990.516,-11.719,-635.254,-375.488,-17.090,1696.412
1686274990.520,-76.172,-480.957,-249.023,-81.543,1696.416
1686274990.523,-72.754,112.305,-72.266,-62.988,1696.420
1686274990.527,-10.742,-105.469,-164.062,-2.930,1696.424
1686274990.531,-2.930,-676.758,-353.516,-2.930,1696.428
1686274990.535,-57.617,-34.668,-48.340,-72.266,1696.431
1686274990.539,-75.195,385.254,11.230,-66.406,1696.435
1686274990.541,-17.578,127.441,-105.957,9.277,1696.437
1686274990.545,19.531,209.961,-53.711,0.488,1696.441
1686274990.549,-30.762,236.816,-83.008,-70.312,1696.445
1686274990.553,-81.543,132.812,-104.004,-86.914,1696.449
1686274990.557,-41.016,84.961,-101.562,-23.438,1696.453
1686274990.561,17.578,-74.219,-199.707,9.277,1696.457
1686274990.565,-17.578,6.836,-121.094,-52.734,1696.461
1686274990.568,-67.383,206.055,-50.293,-95.703,1696.465
1686274990.572,-49.316,-546.875,-359.863,-20.020,1696.469
1686274990.576,8.789,-682.129,-301.758,32.715,1696.472
1686274990.580,16.602,332.520,73.730,-30.273,1696.476
1686274990.584,-41.992,210.449,-99.121,-72.266,1696.480
1686274990.586,-57.129,-50.293,-170.898,-42.480,1696.483
1686274990.590,11.230,334.473,24.414,15.625,1696.486
1686274990.594,42.480,294.922,-24.902,8.789,1696.490
1686274990.598,-22.949,-197.266,-308.105,-55.664,1696.494
1686274990.602,-68.359,-499.512,-374.512,-51.270,1696.498
1686274990.606,-14.160,-277.832,-210.449,8.789,1696.502
1686274990.610,28.320,168.457,-51.758,0.000,1696.506
1686274990.613,-22.461,-98.633,-207.031,-51.758,1696.510
1686274990.617,-81.543,-582.520,-356.934,-68.848,1696.514
1686274990.621,-40.527,102.539,-6.348,-28.320,1696.518
1686274990.625,22.461,330.078,-51.270,15.625,1696.522
1686274990.629,-1.465,-261.230,-279.297,-21.484,1696.525
1686274990.631,-59.570,-217.773,-153.809,-62.988,1696.527
1686274990.635,-50.781,380.859,37.598,-40.039,1696.531
1686274990.639,16.113,365.723,-22.949,4.883,1696.535
1686274990.643,26.367,141.602,-118.164,-20.996,1696.539
1686274990.647,-39.551,148.926,-91.797,-79.102,1696.543
1686274990.651,-65.918,13.184,-155.273,-52.734,1696.547
1686274990.655,-7.324,9.277,-200.684,15.625,1696.551
1686274990.658,6.836,-448.730,-323.242,3.906,1696.555
1686274990.662,-54.199,-456.055,-233.887,-68.848,1696.559
1686274990.666,-83.496,310.547,21.973,-76.172,1696.563
1686274990.670,-44.922,214.355,-70.312,-6.348,1696.566
1686274990.674,14.160,99.121,-98.145,7.812,1696.570
1686274990.677,-1.953,211.914,-51.270,-56.152,1696.575
1686274990.681,-59.570,82.520,-128.906,-80.078,1696.579
1686274990.685,-41.992,-145.020,-272.949,-25.391,1696.583
1686274990.689,16.113,-666.504,-360.352,16.602,1696.587
1686274990.693,8.789,-260.254,-89.355,-39.551,1696.591
1686274990.697,-62.500,144.043,-118.164,-90.332,1696.595
1686274990.701,-65.430,-339.355,-346.680,-39.551,1696.599
1686274990.704,3.418,-537.109,-327.637,16.602,1696.603
1686274990.708,12.695,143.555,-25.879,-31.738,1696.607
1686274990.712,-41.992,422.852,-16.602,-97.168,1696.611
1686274990.716,-74.219,37.109,-148.438,-70.312,1696.615
1686274990.720,-21.484,128.418,-53.223,-3.418,1696.618
1686274990.738,20.020,430.664,25.391,-11.719,1696.635
1686274990.742,-30.273,312.012,-57.617,-77.148,1696.638
1686274990.746,-84.473,46.387,-162.109,-91.309,1696.642
1686274990.750,-44.434,-35.645,-136.719,-21.484,1696.646
1686274990.754,21.484,46.875,-129.395,4.395,1696.650
1686274990.758,-11.230,37.109,-157.715,-59.082,1696.654
1686274990.762,-72.266,-620.605,-384.277,-69.824,1696.658
1686274990.765,-59.082,-716.797,-343.750,-18.066,1696.662
1686274990.769,3.418,141.113,22.949,-2.441,1696.666
1686274990.773,3.418,242.676,-46.387,-35.156,1696.670
1686274990.777,-59.082,41.016,-141.113,-75.684,1696.674
1686274990.781,-63.965,219.238,-10.254,-49.316,1696.678
1686274990.767,6.836,410.156,46.387,11.230,1696.677
1686274990.771,31.738,208.496,-100.586,-6.836,1696.681
1686274990.775,-35.156,-223.145,-319.824,-65.918,1696.685
1686274990.779,-75.195,-72.266,-158.203,-69.824,1696.689
1686274990.783,-18.555,335.938,19.043,-11.230,1696.693
1686274990.787,16.602,-96.680,-228.027,-2.930,1696.697
1686274990.791,-41.016,-522.461,-365.234,-58.594,1696.701
1686274990.794,-85.938,-187.988,-171.387,-71.289,1696.704
1686274990.798,-43.457,285.156,29.785,-21.973,1696.708
1686274990.802,18.555,20.508,-131.836,7.324,1696.712
1686274990.806,-17.090,-980.469,-547.363,-29.297,1696.716
1686274990.810,-78.125,-666.504,-306.641,-85.938,1696.720
1686274990.813,-48.828,252.441,29.785,-61.035,1696.721
1686274990.817,19.043,195.312,-91.309,2.441,1696.725
1686274990.821,18.555,196.289,-82.520,-29.785,1696.729
1686274990.825,-43.945,348.633,-5.859,-107.422,1696.733
1686274990.829,-60.547,304.688,-34.180,-74.219,1696.737
1686274990.833,-5.859,-71.777,-166.504,8.301,1696.741
1686274990.837,13.184,-109.863,-118.164,-13.672,1696.745
1686274990.840,-38.086,240.723,-26.855,-86.914,1696.749
1686274990.844,-73.730,208.008,-83.496,-86.426,1696.752
1686274990.848,-28.320,-562.988,-319.824,-7.812,1696.756
1686274990.852,19.043,-531.250,-250.977,0.000,1696.760
1686274990.856,-10.254,330.566,35.645,-70.801,1696.764
