start, end
1693452634982, 1693452635459
1693452636491, 1693452636952
1693452637651, 1693452638144
1693452638923, 1693452639422
1693452640136, 1693452640633
1693452641417, 1693452641903
1693452642805, 1693452643329
1693452644377, 1693452644784
1693452646026, 1693452646332
1693452647536, 1693452648023
1693452649159, 1693452649534
1693452650425, 1693452650893
1693452651772, 1693452652233
1693452653166, 1693452653656
1693452654639, 1693452655100
1693452656040, 1693452656491
1693452657621, 1693452658019
1693452659061, 1693452659573
1693452660606, 1693452661097
1693452662102, 1693452662617
1693452663600, 1693452664050
1693452665165, 1693452665683
1693452666623, 1693452667054
1693452668067, 1693452668514
1693452669606, 1693452669993
1693452671278, 1693452671737
1693452672783, 1693452673309
1693452674419, 1693452675006
1693452676016, 1693452676633
1693452677435, 1693452678054
1693452679009, 1693452679634
1693452680516, 1693452681235
1693452682054, 1693452682663
1693452683459, 1693452684011
1693452685007, 1693452685446
1693452687467, 1693452688017
1693452688965, 1693452689372
1693452690548, 1693452691014
1693452691922, 1693452692317
1693452693348, 1693452693829
1693452694778, 1693452695196
1693452696458, 1693452696923
1693452698360, 1693452698775
1693452699903, 1693452700484
1693452701545, 1693452701995
1693452703173, 1693452703666
1693452704725, 1693452705220
1693452706496, 1693452706992
1693452708159, 1693452708668
1693452709760, 1693452710343
1693452711382, 1693452711922
1693452712889, 1693452713471
1693452714654, 1693452715218
1693452716549, 1693452717066
1693452718261, 1693452718737
1693452719950, 1693452720531
1693452721763, 1693452722290
1693452723343, 1693452723909
1693452724850, 1693452725485
1693452726506, 1693452727018
1693452727895, 1693452728392
1693452729485, 1693452729935
1693452731048, 1693452731536
1693452732569, 1693452733011
1693452734035, 1693452734589
1693452735640, 1693452736123
1693452737085, 1693452737708
1693452738776, 1693452739217
1693452740256, 1693452740764
1693452741840, 1693452742337
1693452743327, 1693452743892
1693452744789, 1693452745253
1693452746215, 1693452746699
1693452747760, 1693452748191
1693452749292, 1693452749779
1693452750830, 1693452751317
1693452752392, 1693452752897
1693452753860, 1693452754363
1693452755240, 1693452755801
1693452756594, 1693452757087
1693452757969, 1693452758484
1693452759372, 1693452759879
1693452760776, 1693452761344
1693452762478, 1693452763035
1693452764178, 1693452764729
1693452765729, 1693452766355
1693452767435, 1693452768000
1693452769229, 1693452769785
1693452771187, 1693452771665
1693452772881, 1693452773309
1693452774555, 1693452775087
1693452776149, 1693452776709
1693452777578, 1693452778122
1693452779139, 1693452779665
1693452780504, 1693452780535
1693452780731, 1693452781257
1693452782309, 1693452782876
1693452783707, 1693452784348
1693452785358, 1693452785840
1693452786830, 1693452787336
1693452788316, 1693452788857
1693452791106, 1693452791593
1693452792940, 1693452793551
