,timestamps,TP9,AF7,AF8,TP10,Secondary Timestamp,emg_signal
0,1685906365.9,-47.852,-378.418,-212.891,-34.668,8115.997,315.6103733640992
1,1685906365.9,-5.859,-399.902,-112.305,-22.461,8116.0,314.58482161011915
2,1685906365.9,23.438,379.395,180.176,-26.855,8116.004,306.26865569527814
3,1685906365.91,-16.113,100.586,-0.977,-36.621,8116.008,311.9446875954771
4,1685906365.91,-60.059,-314.453,-176.27,-40.039,8116.012,307.44993368012683
5,1685906365.92,-27.344,-317.383,-156.25,-24.902,8116.016,313.3265957407298
6,1685906365.92,11.719,44.434,73.73,-10.742,8116.02,303.7443930892719
7,1685906365.92,-11.719,308.594,128.418,-19.531,8116.024,312.2284555707867
8,1685906365.93,-66.895,-597.168,-349.609,-27.832,8116.028,310.86288093973974
9,1685906365.93,-53.223,-727.539,-266.602,-18.555,8116.032,313.25732167397484
10,1685906365.94,11.719,353.516,215.82,-14.648,8116.036,308.91217064431373
11,1685906365.94,12.207,230.469,12.207,-17.578,8116.04,311.9477648779225
12,1685906365.94,-18.066,-78.125,3.906,-22.461,8116.042,313.03831316717304
13,1685906365.95,-53.711,233.398,102.539,-31.25,8116.046,315.8819138471126
14,1685906365.95,-31.25,282.715,90.82,-24.902,8116.05,314.4156896751725
15,1685906365.95,5.859,34.668,-7.324,-16.602,8116.054,316.75118766441574
16,1685906365.96,-8.301,102.539,44.434,-27.832,8116.061,317.26947991079396
17,1685906365.96,-40.527,233.887,65.43,-41.992,8116.065,310.5875556802756
18,1685906365.96,-36.621,21.484,-20.02,-30.762,8116.069,316.60670268472944
19,1685906365.97,-0.488,-500.977,-239.746,-13.672,8116.072,312.3308922900143
20,1685906365.97,2.441,-996.094,-364.746,-11.719,8116.076,323.3583200390183
21,1685906365.98,-46.875,-501.953,-147.461,-30.762,8116.08,320.16458100599607
22,1685906365.98,-62.5,-107.91,-145.996,-41.992,8116.084,315.7755499823289
23,1685906365.98,-12.695,-451.66,-166.016,-28.32,8116.088,312.4438290084299
24,1685906365.99,4.883,-92.773,68.359,-26.855,8116.092,308.0209158696185
25,1685906365.99,-41.992,460.449,162.109,-44.922,8116.096,314.6290205271963
26,1685906366.0,-75.684,74.219,-34.668,-47.363,8116.1,305.5347044377318
27,1685906366.0,-49.316,24.902,-28.809,-36.621,8116.104,310.7645060691633
28,1685906366.0,-5.371,477.051,195.801,-22.949,8116.103,303.47066433012463
29,1685906366.01,-28.32,583.008,185.547,-30.273,8116.107,316.56146641104925
30,1685906366.01,-70.312,133.789,-33.203,-39.551,8116.111,305.180264218835
31,1685906366.02,-38.574,24.902,-31.25,-24.414,8116.115,310.07609666891705
32,1685906366.02,6.348,229.492,101.562,-13.672,8116.119,309.45625564028734
33,1685906366.02,-8.789,122.07,59.57,-24.414,8116.123,316.2314431883658
34,1685906366.03,-47.363,-385.254,-220.215,-39.551,8116.127,319.28382581789145
35,1685906366.03,-48.828,-889.648,-354.004,-34.668,8116.131,317.99028164844293
36,1685906366.03,1.953,-65.43,93.262,-26.367,8116.135,322.86730437282887
37,1685906366.04,3.418,504.883,162.109,-35.645,8116.139,316.8792084742099
38,1685906366.04,-51.758,176.27,-18.555,-47.363,8116.142,316.54589528642873
39,1685906366.05,-16.602,375.0,145.02,-21.973,8116.175,313.67603943784894
40,1685906366.05,-67.383,102.539,16.602,-41.504,8116.146,312.4539037536727
41,1685906366.05,20.02,377.93,92.285,-18.066,8116.179,321.92975341414854
42,1685906366.05,-19.531,132.812,43.457,-27.344,8116.183,314.5435061987917
43,1685906366.06,-63.965,-47.852,-46.875,-31.25,8116.186,311.67658115232945
44,1685906366.06,-33.691,-90.82,-77.148,-21.973,8116.19,317.4747603297763
45,1685906366.07,13.184,102.539,104.492,-16.113,8116.194,312.73861228830157
46,1685906366.07,-9.277,-514.648,-208.008,-26.367,8116.198,307.64215276303815
47,1685906366.07,-55.664,-887.207,-368.164,-37.109,8116.202,309.5686794103971
48,1685906366.08,-55.176,61.035,88.867,-31.25,8116.206,306.37291797324895
49,1685906366.08,-18.066,324.219,106.445,-20.508,8116.21,312.4468181177819
50,1685906366.08,-14.16,-187.988,-96.68,-16.113,8116.214,307.49466139835897
51,1685906366.09,-46.875,19.531,36.621,-35.645,8116.218,313.2962089286443
52,1685906366.09,-36.621,402.832,135.742,-49.805,8116.205,312.4780527955356
53,1685906366.1,4.395,160.645,22.461,-30.762,8116.209,310.8039965337307
54,1685906366.1,4.883,59.082,18.555,-24.414,8116.212,312.08163108958416
55,1685906366.1,-32.715,312.988,102.539,-35.156,8116.216,313.85437663448204
56,1685906366.11,-59.082,295.898,52.246,-41.504,8116.22,317.3763148145552
57,1685906366.11,-17.578,-267.578,-157.227,-26.855,8116.224,317.09924968473536
58,1685906366.12,11.719,-485.352,-159.668,-25.391,8116.228,313.43217809660484
59,1685906366.12,-25.391,198.242,129.395,-44.434,8116.232,322.03929627753035
60,1685906366.12,-47.852,278.809,58.105,-37.109,8116.236,318.927265810675
61,1685906366.13,-22.949,-257.324,-117.188,-30.273,8116.24,319.86004490991763
62,1685906366.13,7.812,-212.891,-26.367,-21.973,8116.244,316.1790789704804
63,1685906366.14,-22.461,326.66,140.137,-28.809,8116.248,310.8154817774079
64,1685906366.15,-67.383,288.574,41.504,-43.945,8116.252,312.9516496754939
65,1685906366.16,-39.062,-391.602,-181.152,-24.414,8116.255,307.31504841602595
66,1685906366.16,20.508,-276.855,-6.348,-6.836,8116.259,309.6719703185013
67,1685906366.16,11.23,216.309,124.512,-14.648,8116.263,311.43506533602493
68,1685906366.17,-46.875,-4.395,-58.105,-21.484,8116.267,305.29038562066876
69,1685906366.17,-62.988,-641.602,-353.027,-12.695,8116.271,307.4332920468181
70,1685906366.18,-21.484,-678.223,-233.887,-8.789,8116.275,315.7856653053062
71,1685906366.18,-2.93,357.422,210.938,-18.066,8116.279,309.97492876244365
72,1685906366.18,-35.156,320.801,37.109,-32.227,8116.283,313.67472029311244
73,1685906366.19,-51.27,-97.656,-84.473,-36.133,8116.287,312.5652368824981
74,1685906366.19,-15.137,233.398,110.84,-26.367,8116.291,320.4013083284586
75,1685906366.2,24.414,579.102,202.148,-14.16,8116.295,316.4309907488696
76,1685906366.2,-14.16,53.711,-77.148,-13.184,8116.297,313.9465798785358
77,1685906366.2,-68.359,-413.574,-214.844,-28.32,8116.3,314.18253609005126
78,1685906366.2,-39.551,166.504,117.676,-29.785,8116.304,320.7377533945687
79,1685906366.21,28.809,328.125,113.281,-19.043,8116.308,321.15990177580613
80,1685906366.21,6.836,-65.43,-41.992,-26.367,8116.312,316.3524556482206
81,1685906366.22,-60.059,-322.754,-211.426,-41.504,8116.316,312.13040954883746
82,1685906366.22,-56.641,-171.875,-111.816,-34.18,8116.32,308.7019709352264
83,1685906366.22,-2.93,364.746,183.105,-11.23,8116.324,313.1538160258982
84,1685906366.23,4.883,-107.91,-105.957,-11.719,8116.328,312.5023460365398
85,1685906366.23,-40.527,-709.961,-345.215,-28.32,8116.332,307.5301082462496
86,1685906366.24,-38.574,20.02,33.203,-21.484,8116.336,309.36195678053724
87,1685906366.24,19.531,365.234,127.93,1.953,8116.34,311.3183304724209
88,1685906366.24,32.227,204.59,100.586,-8.789,8116.341,308.27969601887844
89,1685906366.25,-22.461,175.781,93.262,-30.762,8116.345,314.6289974915314
90,1685906366.25,-52.734,64.941,-31.738,-32.715,8116.349,308.50421482986854
91,1685906366.25,-20.02,3.906,-16.602,-26.855,8116.353,311.06227278040734
92,1685906366.26,13.184,-503.906,-212.402,-24.414,8116.357,315.8439702221989
93,1685906366.26,-19.531,-789.062,-309.57,-39.062,8116.361,314.8169479665014
94,1685906366.26,-36.621,-96.191,5.371,-46.875,8116.364,311.074025225968
95,1685906366.27,-12.207,146.973,32.715,-33.691,8116.368,311.84623121714196
96,1685906366.27,16.113,-352.539,-110.84,-17.09,8116.372,313.9328779402265
97,1685906366.28,10.254,-125.488,43.457,-15.625,8116.376,320.00764390407346
98,1685906366.28,-49.805,444.824,139.16,-31.25,8116.38,321.8144154687015
99,1685906366.28,-47.852,107.422,-32.715,-28.809,8116.384,318.318171532765
100,1685906366.29,13.184,43.945,-2.441,-15.137,8116.388,317.912841450393
101,1685906366.29,4.395,419.434,156.25,-16.113,8116.392,315.2091881971113
102,1685906366.3,-53.711,409.18,104.492,-21.484,8116.396,312.1961004297468
103,1685906366.3,-64.453,22.461,-54.688,-23.926,8116.4,312.3725727866862
104,1685906366.3,-7.324,-41.016,-32.715,-9.766,8116.404,314.5221297903823
105,1685906366.31,16.602,72.754,61.035,-9.766,8116.408,323.10343704778853
106,1685906366.31,-34.668,-11.23,-24.902,-32.715,8116.411,311.89469758979965
107,1685906366.32,-59.082,-467.773,-305.664,-33.691,8116.415,312.923283048855
108,1685906366.32,-19.043,-873.535,-329.59,-19.531,8116.419,315.30883438704615
109,1685906366.32,14.648,-36.621,98.145,-29.785,8116.423,304.8850713392536
110,1685906366.33,-16.113,404.297,130.859,-43.457,8116.427,312.4391034113109
111,1685906366.33,-65.43,26.367,-68.359,-47.363,8116.431,315.8012273754721
112,1685906366.33,-59.082,74.707,14.648,-40.039,8116.431,312.43497149869944
113,1685906366.34,-11.719,404.297,166.016,-23.438,8116.435,315.4257009345955
114,1685906366.34,-27.832,351.562,85.449,-33.691,8116.439,314.5478552530412
115,1685906366.34,-78.613,-166.992,-139.16,-57.129,8116.443,314.2372158961655
116,1685906366.35,-63.965,-223.145,-128.418,-45.898,8116.447,312.27488085026874
117,1685906366.35,-4.883,18.555,18.555,-26.855,8116.451,313.5062321560917
118,1685906366.36,7.812,100.586,48.34,-31.25,8116.454,313.88661435616393
119,1685906366.36,-53.711,-532.227,-303.223,-38.574,8116.458,316.81528538323295
120,1685906366.36,-86.426,-885.742,-406.738,-34.18,8116.462,313.68993638836724
121,1685906366.37,-37.109,146.484,119.629,-23.926,8116.466,314.8398000805219
122,1685906366.37,-5.371,336.914,79.102,-19.531,8116.47,314.08170836406606
123,1685906366.38,-36.133,3.418,-98.145,-35.645,8116.474,313.2391561361
124,1685906366.38,-65.918,208.008,61.523,-44.922,8116.478,316.79868155279553
125,1685906366.38,-30.273,388.672,131.348,-32.227,8116.482,303.5162417223215
126,1685906366.39,16.113,229.98,47.363,-13.184,8116.486,303.93000458109344
127,1685906366.39,-14.16,157.227,51.27,-18.555,8116.49,311.2730266196518
128,1685906366.39,-64.941,210.938,33.203,-39.551,8116.494,308.1455685200688
129,1685906366.4,-52.246,-55.176,-129.395,-33.203,8116.498,305.4344132787666
130,1685906366.4,-14.648,-429.199,-255.859,-18.555,8116.502,305.8405153853031
131,1685906366.4,-30.273,-550.293,-181.641,-29.785,8116.506,302.9995598416131
132,1685906366.41,-65.918,119.629,114.746,-51.27,8116.51,306.4764353758219
133,1685906366.41,-61.035,146.484,2.441,-52.246,8116.514,305.01156591835695
134,1685906366.42,-11.719,-184.57,-115.234,-31.25,8116.517,311.32109153651146
135,1685906366.42,-5.371,47.363,17.09,-21.973,8116.521,314.9964295627531
136,1685906366.42,-52.246,318.848,114.258,-31.738,8116.534,311.09424981989696
137,1685906366.42,-72.754,196.777,23.926,-36.133,8116.538,315.60147714357845
138,1685906366.43,-40.039,-173.34,-101.074,-25.391,8116.542,318.64674600877447
139,1685906366.43,-11.23,-181.152,-26.855,-20.996,8116.546,311.0051773217377
140,1685906366.44,-33.691,46.875,40.039,-43.945,8116.55,319.9645627893922
141,1685906366.44,-61.523,16.113,-56.152,-61.035,8116.554,315.02845506499443
142,1685906366.44,-45.41,-660.645,-329.59,-44.922,8116.558,313.316620646079
143,1685906366.45,3.906,-718.262,-213.379,-29.297,8116.562,313.7251558245836
144,1685906366.45,-16.602,317.383,188.965,-46.387,8116.566,310.7951690754546
145,1685906366.46,-53.711,282.227,9.766,-58.594,8116.57,310.34927132268143
146,1685906366.46,-37.598,-6.348,-87.402,-51.758,8116.573,312.8241140592079
147,1685906366.46,-6.836,360.352,149.902,-33.203,8116.577,313.38606306925317
148,1685906366.47,-10.742,556.641,204.59,-28.809,8116.579,310.62720899856686
149,1685906366.47,-57.617,-45.898,-152.832,-39.551,8116.583,304.7715976057652
150,1685906366.48,-67.871,-436.523,-245.117,-45.898,8116.587,309.4429242903741
151,1685906366.48,-24.414,204.102,151.367,-43.457,8116.591,307.47462066436344
152,1685906366.48,-14.648,522.949,175.781,-34.668,8116.595,312.238291372056
153,1685906366.49,-55.176,-230.957,-196.289,-26.367,8116.599,310.43940136221414
154,1685906366.49,-74.707,-666.016,-259.277,-33.691,8116.603,307.78500542857074
155,1685906366.5,-25.879,157.715,135.254,-33.691,8116.607,310.2778945593374
156,1685906366.5,24.414,473.633,141.113,-17.578,8116.611,311.07923513232777
157,1685906366.5,-20.996,86.914,-24.414,-34.18,8116.614,312.1978994418018
158,1685906366.51,-76.172,-68.848,-42.969,-46.875,8116.618,313.30918355084975
159,1685906366.51,-54.688,265.625,102.051,-39.062,8116.622,316.7468964281756
160,1685906366.53,-1.953,369.141,104.004,-31.738,8116.626,316.5574205520584
161,1685906366.53,-5.371,136.719,-5.371,-27.832,8116.63,309.31993682055474
162,1685906366.54,-48.828,49.805,-12.207,-31.25,8116.634,308.6165255114072
163,1685906366.54,-41.504,-92.285,-53.711,-29.785,8116.638,312.0874436400271
164,1685906366.54,8.789,-81.543,-14.16,-18.066,8116.641,314.70097689889565
165,1685906366.55,19.531,-520.508,-250.0,-4.395,8116.645,306.0349540045577
166,1685906366.55,-27.832,-939.941,-414.062,-12.207,8116.649,305.2928251094024
167,1685906366.55,-38.086,-104.492,34.668,-33.203,8116.653,308.10409457333435
168,1685906366.56,5.371,194.336,26.855,-25.391,8116.657,302.4618976385088
169,1685906366.56,10.254,65.43,-12.207,-16.113,8116.661,306.4132246497068
170,1685906366.57,-39.062,316.895,134.277,-34.668,8116.665,309.07412918221974
171,1685906366.57,-58.105,376.465,110.84,-43.457,8116.669,306.2741843433353
172,1685906366.57,-10.254,74.219,1.465,-23.438,8116.677,316.56660280338764
173,1685906366.58,23.438,50.293,13.184,-6.348,8116.681,307.1468881835782
174,1685906366.58,-9.277,374.512,113.77,-17.09,8116.685,308.3022637726907
175,1685906366.58,-41.016,320.801,62.012,-22.461,8116.689,309.59013958703497
176,1685906366.59,-36.133,18.066,-42.969,-10.742,8116.692,316.91307654770605
177,1685906366.59,-4.883,-210.449,-120.117,-17.578,8116.696,313.5736619244414
178,1685906366.6,-3.418,-143.066,-42.48,-20.508,8116.7,314.36284906803854
179,1685906366.6,-43.945,66.406,48.34,-25.391,8116.704,314.02903815681356
180,1685906366.6,-40.039,-353.027,-199.219,-23.926,8116.708,314.8088126808303
181,1685906366.61,-3.906,-831.543,-333.984,-10.254,8116.712,314.57860943516937
182,1685906366.61,-5.859,1.953,80.078,-27.832,8116.716,314.6464829529974
183,1685906366.62,-41.504,312.5,73.242,-44.922,8116.72,310.76736972694357
184,1685906366.62,-45.898,-29.297,-108.398,-36.621,8116.716,313.4771580857375
185,1685906366.62,-6.348,130.371,58.594,-20.02,8116.72,307.72973151522245
186,1685906366.62,17.09,466.797,185.059,-17.578,8116.724,306.61972714122817
187,1685906366.63,-22.949,188.965,-17.09,-33.203,8116.728,310.43052906286937
188,1685906366.63,-69.824,-541.016,-265.625,-34.18,8116.732,306.47210278616075
189,1685906366.64,-37.598,-591.309,-226.562,-24.902,8116.735,305.41439540460686
190,1685906366.64,9.277,69.824,52.246,-24.414,8116.739,302.34767461019237
191,1685906366.64,1.953,323.73,72.754,-23.926,8116.743,315.101799093256
192,1685906366.65,-32.227,-462.402,-251.953,-26.367,8116.747,304.85358921297757
193,1685906366.65,-14.648,-509.766,-123.535,-19.531,8116.751,315.11786678804174
194,1685906366.66,24.902,412.109,208.496,-6.836,8116.755,305.26483922583407
195,1685906366.66,3.906,325.195,36.621,-14.16,8116.759,314.33918148256026
196,1685906366.66,-47.363,-201.66,-148.926,-29.785,8116.762,311.19384423692946
197,1685906366.67,-48.828,66.406,50.293,-41.992,8116.766,312.98073424339987
198,1685906366.67,10.254,402.344,158.691,-30.273,8116.77,317.7300200423131
199,1685906366.67,24.902,198.242,40.527,-25.879,8116.774,314.39667268345937
200,1685906366.68,-29.785,-1.465,-78.613,-44.922,8116.777,317.5586926248336
201,1685906366.68,-64.453,-207.031,-195.312,-39.551,8116.781,312.0777550895008
202,1685906366.68,-16.113,-16.602,-13.672,-25.391,8116.785,311.0832049246874
203,1685906366.69,28.809,-112.793,-61.035,-15.625,8116.789,316.0379506409259
204,1685906366.69,-17.09,-562.012,-222.656,-28.809,8116.793,311.9908882698394
205,1685906366.7,-63.965,40.039,80.566,-54.199,8116.797,315.57040828755606
206,1685906366.7,-37.109,268.066,82.031,-47.363,8116.801,307.9408122172421
207,1685906366.7,1.465,-2.93,-63.477,-30.273,8116.805,305.87181981172193
208,1685906366.71,-1.953,9.766,-38.574,-26.855,8116.806,305.5333929181228
209,1685906366.71,-45.41,251.953,96.191,-35.645,8116.81,309.8118379590885
210,1685906366.72,-68.359,306.641,69.336,-44.434,8116.814,304.86507542238394
211,1685906366.72,-35.156,-392.578,-186.035,-28.32,8116.818,299.6037646130384
212,1685906366.72,-35.156,-520.508,-176.27,-36.133,8116.822,312.6855001827746
213,1685906366.73,-77.148,-59.57,-54.199,-53.711,8116.825,306.3879133201297
214,1685906366.73,-79.102,-157.227,-193.359,-44.922,8116.829,310.1886362444087
215,1685906366.73,-45.41,-601.074,-290.039,-34.18,8116.833,304.7196784221758
216,1685906366.74,-20.996,-467.773,-132.324,-39.551,8116.837,305.50042953483717
217,1685906366.74,-41.504,354.98,122.559,-51.758,8116.841,314.04468126590183
218,1685906366.75,-65.918,112.793,-34.18,-39.062,8116.845,311.968595903847
219,1685906366.75,-41.504,-27.344,-47.363,-16.113,8116.849,317.06992452128634
220,1685906366.75,-21.484,366.211,153.32,-15.137,8116.858,325.4806615324208
221,1685906366.76,-46.875,457.52,152.344,-41.992,8116.861,312.89394556538167
222,1685906366.76,-68.848,-181.641,-197.266,-43.457,8116.865,313.83297510333523
223,1685906366.77,-43.945,-411.133,-212.402,-27.832,8116.869,324.29991783168947
224,1685906366.77,2.441,249.023,159.18,-26.855,8116.873,311.1618613574318
225,1685906366.77,-5.859,216.797,60.059,-33.203,8116.877,312.7422244186615
226,1685906366.78,-52.246,-477.539,-283.203,-32.227,8116.881,308.72881530906216
227,1685906366.78,-59.082,-661.621,-242.676,-31.25,8116.885,305.90952776747673
228,1685906366.78,-9.766,217.285,170.41,-31.738,8116.889,312.495080468936
229,1685906366.79,1.465,524.414,157.715,-28.32,8116.893,307.6012146699943
230,1685906366.79,-41.504,84.473,-46.875,-28.809,8116.897,309.05927276193177
231,1685906366.8,-13.672,351.074,138.672,-27.832,8116.91,314.6549804366589
232,1685906366.8,-53.223,9.277,-30.273,-34.668,8116.9,309.30400680323004
233,1685906366.8,1.953,360.84,104.492,-19.531,8116.914,308.80355241230933
234,1685906366.8,-43.457,102.539,-6.348,-36.621,8116.918,315.8504463317237
235,1685906366.81,-68.848,-170.41,-145.02,-48.34,8116.922,311.73987419252654
236,1685906366.81,-29.297,-241.699,-124.512,-40.039,8116.926,308.52697824619514
237,1685906366.82,11.23,31.738,76.172,-27.832,8116.93,310.1945320256984
238,1685906366.82,-12.207,-497.07,-235.352,-24.902,8116.933,311.84299023677
239,1685906366.82,-63.965,-1000.0,-421.875,-38.086,8116.937,318.51096826973645
240,1685906366.83,-41.504,-101.562,39.551,-37.598,8116.941,319.77982483366515
241,1685906366.83,7.812,284.18,74.707,-10.254,8116.945,321.1566115346175
242,1685906366.84,-8.789,160.156,16.113,-22.949,8116.949,313.5335915074941
243,1685906366.84,-58.594,318.848,101.562,-55.664,8116.953,322.62122146443915
244,1685906366.84,-55.664,376.953,108.887,-45.898,8116.955,321.61880069024113
245,1685906366.85,-0.977,198.242,43.945,-33.203,8116.958,323.1727063468174
246,1685906366.85,18.066,105.957,18.066,-32.227,8116.962,311.7894288409975
247,1685906366.86,-7.812,312.012,88.867,-18.555,8116.966,314.484764650538
248,1685906366.86,-40.527,312.5,88.867,-29.785,8116.97,311.8644181768627
249,1685906366.86,-32.227,-248.047,-138.184,-41.504,8116.974,307.44632769384873
250,1685906366.87,-8.789,-439.941,-142.09,-29.297,8116.978,305.9690650269192
251,1685906366.87,-32.227,-17.09,-1.953,-41.016,8116.982,310.16336731405875
252,1685906366.87,-63.477,135.254,-20.02,-38.574,8116.986,311.9220364160176
253,1685906366.88,-38.086,-279.297,-158.203,-20.996,8116.99,311.74881101914195
254,1685906366.88,5.859,-392.578,-156.738,-7.812,8116.994,311.80932716655053
255,1685906366.89,-17.578,316.895,162.598,-7.812,8116.997,312.2463459048866
256,1685906366.9,-62.988,192.871,26.855,-1.953,8117.015,312.0966567207245
257,1685906366.9,-45.41,-40.527,-97.168,20.02,8117.019,315.7463236002163
258,1685906366.91,18.066,231.934,70.801,36.621,8117.023,310.63478385001133
259,1685906366.91,22.949,198.242,68.848,36.133,8117.026,314.0093294632632
260,1685906366.92,-27.832,-92.773,-105.957,25.391,8117.03,315.8489218796877
261,1685906366.92,-27.344,-683.105,-391.602,45.898,8117.034,313.6921163549597
262,1685906366.92,25.879,-657.227,-246.582,68.848,8117.038,317.8682580464633
263,1685906366.93,35.645,350.586,183.594,62.5,8117.042,316.8183187024861
264,1685906366.93,-7.812,265.137,7.324,47.363,8117.046,308.34236006727184
265,1685906366.94,-20.996,-247.559,-155.762,42.48,8117.05,304.3851562091838
266,1685906366.94,23.926,-38.574,22.949,51.758,8117.054,308.1210994024396
267,1685906366.94,62.988,485.352,228.027,52.246,8117.058,307.41665165088534
268,1685906366.95,37.109,178.711,-19.531,36.621,8117.059,308.26705142735386
269,1685906366.95,-1.465,-375.0,-238.77,30.273,8117.063,307.90390811758044
270,1685906366.96,24.902,39.062,51.758,34.668,8117.067,305.35783715669874
271,1685906366.96,70.801,416.016,172.363,38.086,8117.071,302.6958596268861
272,1685906366.96,61.035,131.836,-7.812,38.574,8117.075,308.71119987522184
273,1685906366.97,11.719,-337.402,-222.168,30.762,8117.079,305.30798471880894
274,1685906366.97,-3.418,-188.477,-83.984,29.785,8117.083,307.231215138016
275,1685906366.97,25.879,376.465,191.406,45.898,8117.087,306.9564918982069
276,1685906366.98,21.973,-98.633,-102.051,46.875,8117.091,304.7077033655746
277,1685906366.98,-12.695,-686.035,-308.105,36.133,8117.094,304.825421343777
278,1685906366.99,-20.508,-5.859,62.012,30.762,8117.098,304.2578203130991
279,1685906366.99,25.879,396.973,162.598,32.227,8117.102,311.3986990418582
280,1685906366.99,47.363,-346.191,-167.969,35.645,8117.091,313.84140761906986
281,1685906367.0,7.812,-629.883,-255.859,19.531,8117.095,310.9134075738331
282,1685906367.0,-16.602,175.781,110.352,4.395,8117.099,310.3927724111473
283,1685906367.0,10.742,121.094,-19.531,20.996,8117.103,310.1123130410409
284,1685906367.01,40.039,-451.66,-190.918,32.715,8117.107,307.0776984692703
285,1685906367.01,18.066,-490.234,-114.258,15.625,8117.111,310.0220428967726
286,1685906367.02,-18.555,-100.098,-90.82,1.953,8117.115,298.14463834819475
287,1685906367.02,2.93,95.703,-40.527,13.184,8117.119,297.29952484917953
288,1685906367.02,38.086,-354.004,-107.422,19.531,8117.122,304.1760492992683
289,1685906367.03,9.766,-238.281,17.09,4.395,8117.126,306.8807458373037
290,1685906367.03,-30.273,371.582,131.348,-6.348,8117.13,299.0860737368557
291,1685906367.04,-20.508,100.586,-34.668,-0.488,8117.134,300.1721518577194
292,1685906367.04,25.391,-2.93,-38.086,6.836,8117.138,302.4251592007476
293,1685906367.04,26.367,375.977,140.625,0.488,8117.142,312.58287401865186
294,1685906367.05,-23.438,389.648,98.633,-10.254,8117.146,303.81059457445315
295,1685906367.05,-36.133,-237.305,-205.566,-7.324,8117.15,305.7798505794301
296,1685906367.05,-0.488,-397.461,-192.383,6.348,8117.154,309.4657819667671
297,1685906367.06,16.602,-0.977,48.34,-1.953,8117.157,307.0411991443017
298,1685906367.06,-14.648,140.137,78.613,-17.578,8117.161,310.10543039247017
299,1685906367.06,-47.363,-326.66,-168.457,-14.16,8117.165,315.4955369258785
300,1685906367.07,-28.809,-633.789,-219.727,0.977,8117.169,309.18277402238533
301,1685906367.07,-3.906,259.277,198.242,3.418,8117.173,311.34448346734007
302,1685906367.08,-28.32,438.965,121.094,-1.953,8117.177,313.1365235818204
303,1685906367.08,-59.082,4.883,-82.031,-10.254,8117.181,311.1790017161496
304,1685906367.08,-48.828,5.859,-20.02,-18.555,8117.181,310.4269638278618
305,1685906367.09,-6.348,385.742,156.738,-16.602,8117.185,309.2773188581836
306,1685906367.09,-10.254,410.156,106.445,-23.438,8117.189,307.52854906019263
307,1685906367.09,-52.734,-137.207,-125.488,-32.715,8117.192,309.2117791526427
308,1685906367.1,-51.27,-283.203,-154.785,-34.668,8117.196,302.82140169911594
309,1685906367.1,-15.625,-22.461,31.25,-24.414,8117.2,301.197747761118
310,1685906367.1,-2.93,13.184,49.805,-18.066,8117.204,304.81167089559705
311,1685906367.11,-33.691,-612.305,-331.055,-23.926,8117.208,301.9789925585068
312,1685906367.11,-62.988,-877.93,-398.438,-24.414,8117.212,308.70712669396033
313,1685906367.12,-16.113,45.898,79.59,-23.926,8117.216,300.84509170319177
314,1685906367.12,17.09,250.0,42.969,-19.043,8117.22,302.27664454501314
315,1685906367.12,-34.18,30.273,-74.219,-31.25,8117.224,308.2558681113554
316,1685906367.13,-67.871,178.223,57.129,-33.203,8117.229,308.6380688898937
317,1685906367.13,-29.785,331.055,119.141,-22.949,8117.233,310.43463732421816
318,1685906367.14,14.648,146.484,32.715,-11.719,8117.237,313.357495591595
319,1685906367.14,-0.977,40.527,-16.602,-19.531,8117.24,317.7551467854443
320,1685906367.14,-46.387,203.125,21.973,-32.227,8117.244,313.6002767653527
321,1685906367.15,-34.668,39.551,-71.289,-20.996,8117.248,312.3576755200326
322,1685906367.15,7.324,-347.168,-205.078,0.0,8117.252,311.64516095333005
323,1685906367.16,-6.348,-548.828,-175.293,-7.812,8117.256,309.91969376270123
324,1685906367.16,-54.199,-175.293,-20.02,-29.297,8117.26,317.37198923470277
325,1685906367.16,-56.152,166.504,38.086,-26.855,8117.264,318.04292675970987
326,1685906367.17,-10.742,-73.73,-6.348,-14.16,8117.268,314.12871754304047
327,1685906367.17,4.395,-56.641,15.137,-17.09,8117.272,309.06447185454505
328,1685906367.17,-33.691,356.934,126.953,-30.762,8117.284,304.36787418480503
329,1685906367.18,-54.688,191.895,42.48,-31.25,8117.288,307.6808879950455
330,1685906367.18,-11.23,94.238,78.125,-20.508,8117.292,302.91511370766716
331,1685906367.18,16.602,49.805,85.938,-16.602,8117.296,304.86223401317426
332,1685906367.19,-20.02,-7.812,-8.301,-32.227,8117.3,304.79126737032135
333,1685906367.19,-59.082,-70.312,-104.492,-46.875,8117.304,303.16670985712943
334,1685906367.2,-39.062,-704.59,-339.355,-33.203,8117.307,298.75165962890253
335,1685906367.2,-0.977,-701.66,-184.082,-27.344,8117.311,305.6814707641926
336,1685906367.2,-10.254,270.02,186.523,-46.875,8117.315,303.84860083469795
337,1685906367.21,-49.805,206.055,5.859,-48.34,8117.319,312.4168633496054
338,1685906367.21,-44.922,-166.016,-124.512,-34.18,8117.323,314.09783752154766
339,1685906367.22,-12.207,86.914,59.082,-23.926,8117.327,308.05409555217324
340,1685906367.22,-29.785,478.027,188.965,-40.039,8117.319,319.05907460830076
341,1685906367.22,-67.383,113.77,-73.73,-54.688,8117.323,314.61007079305966
342,1685906367.23,-64.941,-363.281,-225.586,-40.527,8117.327,311.1896319177142
343,1685906367.23,-24.414,136.719,74.707,-29.785,8117.331,310.56352388995964
344,1685906367.24,1.465,478.027,144.531,-24.414,8117.334,313.3274776875209
345,1685906367.24,-45.41,-244.629,-220.215,-26.855,8117.338,311.2065745138984
346,1685906367.24,-86.914,-643.555,-269.531,-39.062,8117.342,313.4986738334914
347,1685906367.25,-39.551,156.738,124.512,-37.598,8117.346,310.2718127278752
348,1685906367.25,0.0,466.309,149.902,-30.273,8117.35,310.2812890930693
349,1685906367.25,-35.645,68.848,0.488,-48.34,8117.354,306.75052493414523
350,1685906367.26,-73.73,-80.078,-34.668,-57.617,8117.358,308.55035229266474
351,1685906367.26,-39.551,284.668,123.047,-35.645,8117.362,303.53069222426734
352,1685906367.28,22.949,374.023,129.883,-10.742,8117.376,310.7226805700359
353,1685906367.28,16.602,-3.418,-37.598,-6.348,8117.38,309.62931092024365
354,1685906367.28,-59.57,-44.434,-12.695,-42.969,8117.384,308.67524903835505
355,1685906367.29,-61.523,-28.809,-34.668,-47.363,8117.388,314.14364345614246
356,1685906367.29,11.23,-48.34,-39.062,-10.254,8117.392,315.581090279259
357,1685906367.3,10.254,-511.23,-247.559,1.953,8117.396,318.4010053220321
358,1685906367.3,-55.176,-934.57,-406.738,-20.996,8117.399,316.98845557732903
359,1685906367.3,-74.707,-58.594,43.457,-39.062,8117.403,316.54581818768645
360,1685906367.31,-27.344,263.672,88.379,-17.09,8117.407,318.1074733013799
361,1685906367.31,-6.348,135.254,10.742,-4.395,8117.411,319.81281782948355
362,1685906367.32,-39.062,282.227,85.938,-21.973,8117.415,318.56061526333934
363,1685906367.32,-58.594,314.941,82.52,-23.926,8117.419,319.911065195823
364,1685906367.32,-28.809,116.211,-2.93,-8.301,8117.421,312.3330407667851
365,1685906367.33,18.555,79.102,9.277,-3.418,8117.425,314.3881643395414
366,1685906367.33,-8.301,353.027,121.094,-18.066,8117.429,318.96572501840126
367,1685906367.33,-56.152,279.297,75.195,-30.762,8117.433,310.1821836294252
368,1685906367.34,-30.762,-261.719,-179.199,-17.09,8117.437,315.6278186184597
369,1685906367.34,18.555,-522.461,-250.0,2.441,8117.441,311.4260769560498
370,1685906367.34,10.742,0.0,50.293,-10.254,8117.445,313.3086205335427
371,1685906367.35,-38.574,355.957,115.234,-26.855,8117.448,313.29730073535967
372,1685906367.35,-43.457,-302.734,-216.797,-22.461,8117.452,315.64597524544854
373,1685906367.36,5.371,-600.098,-217.285,-13.184,8117.456,315.65887582546316
374,1685906367.36,6.836,283.203,166.016,-22.949,8117.46,318.7036260282179
375,1685906367.36,-37.109,353.516,60.547,-43.945,8117.464,315.6215351714295
376,1685906367.38,-45.41,-76.172,-129.883,-44.922,8117.481,316.5690598458222
377,1685906367.38,-8.301,39.062,10.742,-29.785,8117.485,326.6691478538859
378,1685906367.39,15.625,415.527,179.199,-23.438,8117.489,319.7421247250512
379,1685906367.39,-18.066,156.738,-30.762,-27.832,8117.493,319.72023108714603
380,1685906367.4,-56.152,-545.898,-260.742,-37.598,8117.497,323.97521772024515
381,1685906367.4,-39.551,-593.75,-193.359,-34.18,8117.501,317.6792684652407
382,1685906367.4,12.207,-115.234,-29.297,-22.461,8117.504,317.91431898229325
383,1685906367.41,-0.977,92.773,44.922,-29.297,8117.508,319.29277221041326
384,1685906367.41,-54.199,24.902,-80.078,-32.715,8117.513,312.18030519088336
385,1685906367.41,-53.711,-606.445,-311.035,-33.691,8117.512,312.32955802783226
386,1685906367.42,-39.551,-670.898,-246.094,-23.926,8117.516,310.95573131670426
387,1685906367.42,-46.387,264.16,112.305,-26.367,8117.517,313.52678321717536
388,1685906367.42,7.812,361.816,209.473,-16.113,8117.52,312.603277078059
389,1685906367.42,3.906,474.609,192.383,-5.859,8117.521,313.2205240628686
390,1685906367.42,-1.953,302.734,28.809,-16.602,8117.524,313.18821462874894
391,1685906367.42,13.184,229.004,48.828,-13.672,8117.525,308.6525801058463
392,1685906367.43,-21.973,-15.625,-45.41,-29.297,8117.529,308.24079546417767
393,1685906367.43,-48.828,-66.406,-103.516,-22.949,8117.532,314.9187056817186
394,1685906367.44,-18.555,39.062,-16.113,-6.348,8117.536,314.18308287069505
395,1685906367.44,0.488,-42.969,21.484,-5.859,8117.54,310.86968898189315
396,1685906367.44,-31.25,-159.668,-30.762,-32.227,8117.544,315.0605976746307
397,1685906367.45,-60.547,-51.27,-41.016,-38.574,8117.548,309.0767588893298
398,1685906367.45,-33.203,215.332,69.336,-20.996,8117.552,319.57107215660864
399,1685906367.46,13.184,-165.039,-100.098,-8.789,8117.556,309.8507027050128
400,1685906367.46,-5.371,-752.441,-312.5,-16.113,8117.556,319.7331272349046
401,1685906367.46,-53.711,-28.32,39.062,-37.109,8117.56,323.4585666554955
402,1685906367.46,-44.922,264.16,65.43,-32.715,8117.564,320.9109215998524
403,1685906367.47,5.859,-84.473,-88.379,-21.484,8117.568,319.78728975425884
404,1685906367.47,1.953,-63.965,-24.414,-32.715,8117.572,317.8211109870585
405,1685906367.48,-43.457,-49.805,-66.895,-40.527,8117.576,318.387126365167
406,1685906367.48,-59.082,-123.535,-145.996,-32.227,8117.579,315.2209244376149
407,1685906367.48,-16.113,-608.398,-284.668,-5.859,8117.583,308.85127507103306
408,1685906367.49,12.207,-624.512,-199.707,-2.441,8117.587,314.70278183973807
409,1685906367.49,-29.785,329.59,162.598,-31.738,8117.591,315.30058036167304
410,1685906367.5,-54.688,192.871,-8.789,-33.203,8117.595,313.8940681626737
411,1685906367.5,-10.254,-148.926,-111.816,-20.996,8117.599,308.79385949440064
412,1685906367.5,19.043,155.762,86.914,-21.973,8117.605,305.7470649279077
413,1685906367.51,-17.578,519.531,176.27,-33.691,8117.609,304.4026524718283
414,1685906367.51,-58.594,9.277,-146.484,-39.551,8117.613,305.81306042343397
415,1685906367.52,-42.969,-356.934,-247.07,-25.879,8117.617,306.9209085360431
416,1685906367.52,-0.977,205.566,99.121,-19.531,8117.621,308.68146262413023
417,1685906367.52,-9.766,228.516,53.711,-23.926,8117.625,310.70406245296783
418,1685906367.53,-59.082,-412.598,-279.785,-27.344,8117.629,316.05282673988165
419,1685906367.53,-49.316,-591.797,-220.215,-20.508,8117.633,309.4653369138339
420,1685906367.54,3.906,230.957,165.039,-16.113,8117.637,308.5333680418983
421,1685906367.54,2.441,505.371,132.812,-26.855,8117.641,317.5506451838025
422,1685906367.54,-47.363,107.91,-27.344,-45.898,8117.644,311.0944439328981
423,1685906367.55,-65.43,47.363,19.043,-47.852,8117.648,313.79831262552244
424,1685906367.55,-21.484,386.719,166.992,-27.832,8117.66,314.3479580555984
425,1685906367.55,10.254,389.648,100.098,-15.625,8117.664,311.45094696335406
426,1685906367.56,-27.832,-29.297,-85.449,-32.715,8117.668,309.55218896064065
427,1685906367.56,-60.547,-241.211,-161.133,-34.668,8117.672,311.82812558667456
428,1685906367.56,-15.625,-23.438,-42.48,-12.695,8117.676,302.0695869034183
429,1685906367.57,23.438,159.668,92.285,-8.301,8117.68,303.1658847653519
430,1685906367.57,-9.277,-526.855,-254.883,-14.648,8117.684,305.5329244232049
431,1685906367.58,-50.293,-918.457,-391.602,-32.715,8117.688,309.63426244567995
432,1685906367.58,-36.621,26.367,96.191,-38.086,8117.692,306.6357211037269
433,1685906367.58,9.277,357.422,111.328,-17.578,8117.696,303.0866996353426
434,1685906367.59,-12.695,140.137,-2.93,-27.344,8117.699,305.29488578060256
435,1685906367.59,-66.895,232.422,69.336,-49.316,8117.703,305.9608758740967
436,1685906367.59,-58.105,321.289,105.469,-42.48,8117.693,301.57008623499945
437,1685906367.6,-0.488,191.895,33.691,-20.508,8117.697,303.93872645222615
438,1685906367.6,6.348,114.258,12.207,-14.648,8117.701,303.4097175778428
439,1685906367.6,-35.156,269.043,84.473,-29.785,8117.705,308.46661611541583
440,1685906367.61,-48.34,229.492,66.406,-43.457,8117.709,314.46300992064295
441,1685906367.61,-16.602,-269.043,-140.137,-32.715,8117.713,312.27433734135025
442,1685906367.62,6.348,-644.043,-269.531,-15.137,8117.717,307.34004491433217
443,1685906367.62,-33.203,-99.609,24.902,-35.645,8117.721,310.4442803907345
444,1685906367.62,-63.477,281.25,108.887,-43.945,8117.724,310.90124408260124
445,1685906367.63,-29.785,-320.801,-190.918,-22.461,8117.728,317.9179361658639
446,1685906367.63,-2.441,-385.742,-155.762,-20.02,8117.732,306.7664775646924
447,1685906367.64,-25.879,354.004,172.363,-41.992,8117.736,305.0044356641259
448,1685906367.65,-60.547,252.441,50.781,-47.363,8117.751,302.977277423467
449,1685906367.66,-38.574,-40.527,-123.535,-32.227,8117.755,303.2407719147009
450,1685906367.66,7.324,161.133,35.645,-26.367,8117.759,299.1496724488554
451,1685906367.66,-1.465,145.996,58.105,-35.156,8117.763,300.3351035917193
452,1685906367.67,-39.551,-98.633,-121.582,-43.457,8117.767,300.587902903168
453,1685906367.67,-48.828,-650.879,-379.395,-35.156,8117.771,298.2798508215158
454,1685906367.67,-18.066,-749.512,-312.988,-18.555,8117.775,301.0264062895605
455,1685906367.68,-8.301,14.16,48.34,-21.973,8117.779,299.94960876359477
456,1685906367.68,-47.363,-36.621,-87.402,-43.945,8117.783,298.2352574595413
457,1685906367.69,-66.895,-335.449,-195.312,-51.27,8117.787,298.59412025782774
458,1685906367.69,-25.879,73.73,42.48,-37.109,8117.791,312.7627269140658
459,1685906367.69,7.324,564.453,189.941,-29.785,8117.794,302.0604737525118
460,1685906367.72,-27.344,239.258,3.906,-35.156,8117.818,314.21628657736113
461,1685906367.72,-65.43,-6.348,-71.289,-42.969,8117.822,311.97163228010334
462,1685906367.72,-39.551,290.527,120.605,-37.109,8117.826,307.0529634817896
463,1685906367.73,-1.465,489.746,185.059,-28.809,8117.829,304.765093501353
464,1685906367.73,-19.531,171.875,25.391,-36.133,8117.833,307.89185675644177
465,1685906367.74,-63.965,-285.645,-209.961,-47.363,8117.837,302.45079451711507
466,1685906367.74,-53.711,-161.621,-127.93,-48.34,8117.841,307.2111537329448
467,1685906367.74,10.254,327.148,154.297,-33.691,8117.845,304.1973579734902
468,1685906367.75,6.836,-105.469,-92.773,-26.855,8117.849,312.1449480275698
469,1685906367.75,-55.176,-715.82,-327.148,-37.598,8117.853,308.10187277134224
470,1685906367.75,-64.941,-205.566,-94.727,-42.969,8117.857,308.5038012487755
471,1685906367.76,-9.277,-39.551,-21.973,-33.203,8117.856,322.0537892134108
472,1685906367.76,-28.32,234.375,51.27,-36.133,8117.861,314.9139249846761
473,1685906367.76,-46.387,-142.09,-60.059,-47.363,8117.86,315.73080834014564
474,1685906367.76,-71.777,205.078,54.199,-49.805,8117.864,319.1682248178086
475,1685906367.77,-36.133,65.43,23.438,-38.086,8117.867,322.1316789683547
476,1685906367.77,-5.371,-123.535,-52.734,-29.297,8117.871,333.0284232966249
477,1685906367.78,-32.715,-196.289,-123.047,-33.203,8117.875,326.2483690360436
478,1685906367.78,-63.477,-52.246,-55.176,-36.621,8117.879,324.24224174878253
479,1685906367.78,-35.156,65.918,10.742,-25.879,8117.883,326.37002524287635
480,1685906367.79,8.301,-5.371,41.992,-19.531,8117.887,334.33397724239035
481,1685906367.79,-5.371,-693.848,-350.098,-16.113,8117.892,334.4100267205623
482,1685906367.79,-6.836,224.609,119.629,-19.043,8117.891,333.2862124529929
483,1685906367.79,-16.602,-1000.0,-382.812,-20.02,8117.896,333.2858288604358
484,1685906367.8,-52.734,339.355,90.332,-29.785,8117.895,330.2817063940315
485,1685906367.8,-62.988,-209.961,-16.602,-54.688,8117.9,324.2738439517854
486,1685906367.8,-46.387,105.469,-12.207,-33.203,8117.899,326.9133472737508
487,1685906367.8,-62.988,78.613,-36.133,-54.199,8117.904,331.1871985799174
488,1685906367.8,-20.02,56.152,-28.32,-29.297,8117.908,336.2928487788889
489,1685906367.81,-7.324,217.773,75.684,-28.809,8117.912,326.518454063018
490,1685906367.81,-51.27,29.785,-17.09,-46.875,8117.916,327.2550494535058
491,1685906367.82,-80.566,-311.035,-189.453,-56.641,8117.919,329.960623502248
492,1685906367.82,-40.039,-137.695,-42.48,-43.457,8117.923,330.14843492199674
493,1685906367.82,-1.465,385.742,158.691,-33.203,8117.927,329.2761455646289
494,1685906367.83,-24.414,496.582,133.789,-43.457,8117.931,324.9506582400663
495,1685906367.83,-43.945,-643.066,-219.727,-35.156,8117.932,332.7777565898296
496,1685906367.83,-65.43,-270.508,-173.34,-47.852,8117.935,330.51304398992295
497,1685906367.84,6.348,343.262,212.891,-27.832,8117.936,327.52365479812755
498,1685906367.84,-0.977,435.059,116.699,-24.414,8117.94,332.64221795298806
499,1685906367.84,-51.27,-165.527,-127.441,-33.691,8117.944,333.41955157585096
500,1685906367.85,-48.34,-278.809,-136.23,-23.926,8117.947,331.8595038985976
501,1685906367.85,8.789,-34.18,14.16,0.977,8117.951,333.0423665602895
502,1685906367.86,18.555,127.93,101.562,-11.719,8117.955,335.7815394546126
503,1685906367.86,-41.016,-485.352,-259.277,-29.297,8117.959,335.7450115162398
504,1685906367.86,-57.129,-1000.0,-409.18,-22.461,8117.963,336.0697197831355
505,1685906367.87,-2.441,-11.719,116.211,-20.508,8117.967,332.7604083140209
506,1685906367.87,14.16,384.277,111.328,-29.297,8117.971,347.3765568163829
507,1685906367.88,-23.926,67.383,-63.477,-31.738,8117.975,340.3062391420594
508,1685906367.88,-50.293,197.266,66.895,-33.691,8117.978,344.5532895764083
509,1685906367.88,-20.508,413.574,147.461,-29.785,8117.982,330.91153404803833
510,1685906367.89,13.184,309.082,67.383,-16.602,8117.986,337.225766054806
511,1685906367.89,-18.066,84.961,31.738,-29.785,8117.99,334.6183144590814
512,1685906367.89,-60.547,179.199,44.434,-45.898,8117.994,325.28534882914437
513,1685906367.9,-34.668,134.766,12.695,-26.367,8117.998,326.8395264683165
514,1685906367.9,20.996,-243.652,-126.465,-8.789,8118.002,325.4975759656587
515,1685906367.9,10.254,-772.461,-296.387,-16.602,8118.006,328.7521994447887
516,1685906367.91,-33.203,-213.379,5.371,-29.297,8118.01,329.3882145996519
517,1685906367.91,-50.781,296.875,103.516,-42.969,8118.014,327.74040612876007
518,1685906367.92,-29.785,129.395,31.25,-48.34,8118.018,327.6195965649186
519,1685906367.92,-22.949,278.809,110.352,-58.594,8118.021,332.9243268813006
520,1685906367.92,-75.684,409.668,130.371,-79.102,8118.051,336.2247435336678
521,1685906367.92,-97.656,230.957,31.738,-75.195,8118.054,329.00994246292913
522,1685906367.93,-46.875,66.895,25.879,-50.781,8118.058,334.65207975669165
523,1685906367.93,-15.625,22.949,46.875,-44.922,8118.062,337.22762025671807
524,1685906367.94,-51.27,18.066,9.277,-69.824,8118.066,328.41564648819923
525,1685906367.94,-81.543,5.859,-48.34,-82.52,8118.07,328.3905139597766
526,1685906367.94,-48.828,-629.395,-312.5,-59.57,8118.074,333.73110699643166
527,1685906367.95,-15.625,-723.145,-197.754,-40.527,8118.078,334.32963493490155
528,1685906367.95,-28.32,32.227,100.098,-53.711,8118.082,326.8864454969064
529,1685906367.96,-59.57,-61.035,-136.719,-57.129,8118.086,329.11801671285576
530,1685906367.96,-49.805,-239.746,-99.609,-39.551,8118.09,329.60979909788745
531,1685906367.96,-5.371,237.305,160.156,-26.367,8118.094,323.16351131548373
532,1685906367.97,-13.672,526.367,171.875,-37.109,8118.068,317.55572046564663
533,1685906367.97,-72.754,126.953,-41.504,-52.246,8118.072,313.7461261272341
534,1685906367.98,-82.031,-44.434,-89.844,-54.199,8118.076,312.57751161991064
535,1685906367.98,-20.508,341.309,141.602,-40.039,8118.08,309.6242690820543
536,1685906367.98,10.742,573.242,201.66,-33.203,8118.084,305.70283208604116
537,1685906367.99,-31.25,-101.074,-140.625,-35.156,8118.088,310.58379446108205
538,1685906367.99,-54.688,-571.289,-305.664,-32.227,8118.092,315.2231343256338
539,1685906368.0,-16.113,177.734,98.145,-22.949,8118.096,305.8338452533972
540,1685906368.0,8.789,539.062,191.895,-9.277,8118.099,311.2128848640798
541,1685906368.0,-23.926,39.062,-11.23,-20.02,8118.103,310.70497673727766
542,1685906368.01,-59.57,-224.121,-92.773,-40.527,8118.107,312.1815940208465
543,1685906368.01,-30.762,11.719,32.227,-31.25,8118.111,311.5305927780707
544,1685906368.03,9.766,344.727,156.738,-19.043,8118.126,310.46079243936117
545,1685906368.03,-11.719,-230.469,-156.25,-20.996,8118.13,309.1907975110263
546,1685906368.04,-49.316,-668.457,-267.578,-23.438,8118.134,301.3050768782127
547,1685906368.04,-36.621,-164.551,-29.297,-16.602,8118.138,303.5165929182858
548,1685906368.04,8.789,56.152,52.734,-3.906,8118.142,303.80953172827225
549,1685906368.05,4.883,-473.633,-198.242,-5.371,8118.146,297.52839734748403
550,1685906368.05,-46.387,-800.293,-332.031,-18.066,8118.149,296.47086769739707
551,1685906368.05,-53.223,79.59,50.781,-22.461,8118.153,298.2800505492607
552,1685906368.06,2.93,242.188,66.406,-7.812,8118.157,291.1946172292247
553,1685906368.06,23.926,135.742,50.293,0.488,8118.161,292.5874759581548
554,1685906368.07,-14.648,339.355,114.746,-18.555,8118.165,295.16923897144494
555,1685906368.07,-49.316,390.137,124.512,-32.715,8118.169,288.4766895718779
556,1685906368.07,-20.02,149.414,20.996,-17.09,8118.171,293.7358046513684
557,1685906368.08,18.066,-90.332,-70.801,-0.488,8118.175,299.5459691172912
558,1685906368.08,-11.23,125.977,39.062,-17.09,8118.179,291.93138522033007
559,1685906368.08,-50.781,337.891,124.512,-36.621,8118.183,296.2928603581225
560,1685906368.09,-26.367,-37.598,-85.938,-16.602,8118.187,291.80046826788987
561,1685906368.09,14.16,-481.934,-277.832,-3.906,8118.191,296.6072683250908
562,1685906368.09,-8.789,-125.977,-21.484,-15.137,8118.194,290.3070082167641
563,1685906368.1,-57.129,297.363,135.742,-27.832,8118.198,291.7109943092074
564,1685906368.1,-58.594,-220.703,-164.551,-27.344,8118.202,292.7298166645789
565,1685906368.11,-6.836,-630.859,-229.98,-7.812,8118.206,290.4504050817018
566,1685906368.11,5.859,170.41,130.859,-12.207,8118.21,292.10019666726544
567,1685906368.11,-41.016,356.934,71.289,-32.227,8118.214,291.86835224585883
568,1685906368.12,-60.547,33.203,-62.988,-37.109,8118.23,278.75385809554103
569,1685906368.12,-11.23,220.215,62.988,-18.066,8118.234,284.6152258620898
570,1685906368.12,19.531,456.543,170.41,-0.977,8118.238,287.92402256134886
571,1685906368.13,-33.203,164.551,2.93,-26.855,8118.242,278.9911501436345
572,1685906368.13,-76.172,-602.539,-350.586,-52.734,8118.246,279.69502417731474
573,1685906368.14,-44.922,-789.551,-295.898,-46.387,8118.25,273.8315690939407
574,1685906368.14,-8.301,-15.625,129.395,-38.086,8118.253,284.22870781974507
575,1685906368.14,-28.32,275.391,63.477,-48.828,8118.257,278.9096357330301
576,1685906368.15,-77.148,-428.223,-217.285,-58.594,8118.261,277.32039240512717
577,1685906368.15,-57.617,-320.312,-20.996,-41.016,8118.265,275.3347277871535
578,1685906368.16,-0.488,473.145,186.035,-24.902,8118.269,284.21782588746026
579,1685906368.16,-7.324,272.461,10.254,-31.738,8118.273,286.1506057186894
580,1685906368.16,-50.781,-12.207,-111.816,-39.551,8118.263,283.8696857145239
581,1685906368.17,-42.48,186.523,55.176,-36.133,8118.267,286.812601968394
582,1685906368.17,7.812,429.199,157.227,-26.367,8118.271,291.73940607429836
583,1685906368.17,7.812,224.121,27.832,-26.367,8118.275,289.3046013106808
584,1685906368.18,-54.688,2.441,-33.691,-50.781,8118.279,283.1612356241306
585,1685906368.18,-77.637,-95.215,-105.957,-49.805,8118.283,289.91157076166314
586,1685906368.18,-20.996,-94.238,-85.449,-22.461,8118.287,287.3875761528552
587,1685906368.19,6.348,-315.43,-132.812,-15.137,8118.29,283.3889801392395
588,1685906368.19,-31.738,-546.387,-209.961,-22.949,8118.294,281.55475828938796
589,1685906368.2,-56.152,62.012,78.613,-41.016,8118.298,290.2410255198726
590,1685906368.2,-22.949,404.785,145.508,-30.762,8118.302,285.28361192107224
591,1685906368.2,16.113,-232.422,-138.184,-1.953,8118.306,279.4718444586223
592,1685906368.21,-6.836,-544.922,-209.473,-14.648,8118.306,284.66771953535414
593,1685906368.21,-53.223,212.891,124.023,-39.551,8118.309,279.8395746962288
594,1685906368.21,-43.945,302.734,97.656,-36.621,8118.313,278.8650350711457
595,1685906368.22,-0.977,-67.383,-53.223,-26.367,8118.317,279.3981558082818
596,1685906368.22,-8.301,0.488,15.625,-32.227,8118.321,276.8395006405416
597,1685906368.23,-60.547,-5.371,-28.32,-41.504,8118.325,280.80132029280907
598,1685906368.23,-57.617,-96.68,-131.348,-38.086,8118.329,286.67856723624
599,1685906368.23,-13.672,-555.176,-268.066,-17.09,8118.333,285.5045676955475
600,1685906368.24,-11.719,-655.273,-192.383,-17.09,8118.337,282.0290672623741
601,1685906368.24,-51.758,51.758,65.43,-41.016,8118.341,283.007076293837
602,1685906368.24,-59.082,-95.703,-157.227,-37.109,8118.345,285.8662886670367
603,1685906368.25,-19.043,-169.434,-106.934,-8.789,8118.349,290.79441786960854
604,1685906368.25,8.789,303.711,146.484,-4.395,8118.353,288.63559221751547
605,1685906368.26,-23.926,509.277,131.348,-29.297,8118.357,287.10416134006
606,1685906368.26,-62.012,92.285,-34.668,-46.875,8118.361,290.89739289958834
607,1685906368.26,-28.32,27.344,-23.926,-32.715,8118.365,294.037438973675
608,1685906368.27,20.996,393.555,139.648,-16.602,8118.369,286.75253775296585
609,1685906368.27,2.93,260.254,77.637,-27.344,8118.373,283.99564969000676
610,1685906368.28,-55.176,-435.547,-254.883,-35.156,8118.376,287.99388556637604
611,1685906368.28,-48.828,-651.367,-247.559,-15.137,8118.38,281.1856596135866
612,1685906368.28,8.789,216.797,166.016,0.0,8118.384,283.9693084063188
613,1685906368.29,9.277,491.699,154.297,-12.207,8118.388,282.91190246985724
614,1685906368.29,-41.992,115.234,-23.926,-29.785,8118.392,280.5726603355653
615,1685906368.3,-53.711,-92.285,-93.262,-28.809,8118.396,276.01804523583974
616,1685906368.3,-17.09,116.699,58.594,-20.02,8118.399,279.8006646892271
617,1685906368.3,-3.906,420.898,155.273,-12.207,8118.403,278.64424321701136
618,1685906368.31,-37.109,-53.223,-64.453,-21.973,8118.407,271.2704764180703
619,1685906368.31,-57.617,-428.223,-221.68,-34.668,8118.411,272.5061420002387
620,1685906368.31,-22.949,-160.645,-108.398,-24.414,8118.415,280.893022118294
621,1685906368.32,14.16,104.492,77.637,-25.391,8118.418,276.99767058510815
622,1685906368.32,-20.02,-497.07,-228.027,-29.297,8118.422,282.9316011161625
623,1685906368.32,-65.918,-783.203,-359.375,-32.227,8118.426,273.2902125774748
624,1685906368.33,-43.945,123.535,85.449,-35.156,8118.43,281.56464670273306
625,1685906368.33,-1.465,270.02,79.59,-20.996,8118.434,277.8041573277921
626,1685906368.34,-5.371,139.648,28.809,-22.461,8118.438,277.16474488280124
627,1685906368.34,-53.223,276.367,87.402,-36.621,8118.442,275.69293892213113
628,1685906368.34,-53.711,335.938,94.238,-35.156,8118.454,275.87653998665274
629,1685906368.35,-3.418,146.484,29.785,-21.484,8118.458,272.05558073500356
630,1685906368.35,3.418,-152.344,-126.465,-18.555,8118.462,278.45106180302315
631,1685906368.36,-42.969,41.016,-16.113,-36.133,8118.466,282.23967244133894
632,1685906368.36,-61.035,244.629,109.375,-40.039,8118.47,264.4061507809544
633,1685906368.36,-19.043,-193.359,-145.508,-20.996,8118.474,267.8431142772645
634,1685906368.37,-7.812,-794.922,-320.312,-18.066,8118.478,270.15769027324546
635,1685906368.37,-51.758,-197.266,42.48,-44.434,8118.482,271.089013072723
636,1685906368.38,-77.148,298.828,87.891,-49.805,8118.486,267.3262312568511
637,1685906368.38,-41.504,62.012,-30.762,-30.762,8118.49,264.6915141421336
638,1685906368.38,1.465,211.426,60.547,-26.855,8118.494,266.55421347035616
639,1685906368.39,-28.32,405.273,130.859,-37.109,8118.497,267.5052566170476
640,1685906368.4,-78.125,239.746,49.805,-47.852,8118.501,276.34833021232146
641,1685906368.41,-53.711,34.18,-32.227,-39.551,8118.505,282.75096145213394
642,1685906368.41,1.465,227.051,76.172,-27.832,8118.509,282.40086245700275
643,1685906368.41,-1.465,149.902,37.598,-27.344,8118.513,280.52725068778864
644,1685906368.42,-36.621,-125.0,-137.207,-35.645,8118.517,280.8339797242781
645,1685906368.42,-42.48,-623.047,-354.492,-30.762,8118.521,277.9061292591471
646,1685906368.42,-5.371,-856.445,-336.914,-5.859,8118.524,285.094875935328
647,1685906368.43,10.742,106.934,93.75,-15.137,8118.528,283.2430247727143
648,1685906368.43,-33.691,294.922,60.547,-24.902,8118.532,291.15438011509207
649,1685906368.44,-55.176,-246.094,-136.23,-20.996,8118.536,286.61203076436914
650,1685906368.44,-8.789,105.957,62.5,-18.555,8118.54,280.24277217312016
651,1685906368.44,19.043,568.848,192.383,-10.742,8118.544,284.72896454765066
652,1685906368.45,-17.578,245.605,3.906,-24.902,8118.546,286.5185708425419
653,1685906368.45,-56.152,-68.848,-104.492,-38.574,8118.55,293.0027941368999
654,1685906368.46,-33.203,154.785,52.734,-20.508,8118.554,292.7277154480584
655,1685906368.46,12.695,469.727,199.707,-3.418,8118.558,296.0333846068125
656,1685906368.46,-1.953,98.145,-40.527,-15.625,8118.562,294.4007424753304
657,1685906368.47,-56.152,-498.047,-340.82,-30.762,8118.565,296.52678058316224
658,1685906368.47,-40.039,-190.918,-87.402,-27.344,8118.569,293.2759402662134
659,1685906368.47,12.695,201.172,133.789,-16.113,8118.573,298.9913516071656
660,1685906368.48,6.348,-292.48,-159.18,-12.207,8118.577,305.7808534336223
661,1685906368.48,-51.758,-895.508,-374.023,-18.555,8118.581,296.5176935352553
662,1685906368.49,-72.266,-184.57,19.043,-24.414,8118.585,303.59068928934624
663,1685906368.49,-20.02,367.676,126.953,-13.184,8118.589,307.09318984100975
664,1685906368.49,-1.953,162.109,48.828,-9.766,8118.591,309.6556376101365
665,1685906368.5,-37.598,182.617,78.125,-28.809,8118.595,304.64331778034534
666,1685906368.5,-54.199,264.648,87.402,-30.273,8118.599,313.86722177311526
667,1685906368.5,-7.324,125.488,55.664,-2.441,8118.603,312.4286054238168
668,1685906368.51,21.973,-358.398,-99.121,0.0,8118.607,312.3417897650538
669,1685906368.51,-15.625,-509.277,-191.895,-26.855,8118.611,312.84087412654236
670,1685906368.52,-49.805,-70.801,-77.148,-37.109,8118.615,304.5708091971201
671,1685906368.52,-33.691,156.738,-1.465,-28.32,8118.618,307.5342916896327
672,1685906368.52,6.836,-354.98,-128.906,-16.113,8118.622,304.38676626221644
673,1685906368.53,-10.254,-417.969,-57.129,-27.832,8118.626,306.08037220328436
674,1685906368.53,-51.27,41.504,-10.254,-38.086,8118.63,304.449782460357
675,1685906368.54,-43.457,-22.949,-72.266,-28.809,8118.634,311.9816668048812
676,1685906368.54,4.883,-135.742,-29.297,-11.23,8118.649,304.47218144558707
677,1685906368.54,13.184,279.785,138.672,-10.742,8118.653,306.36561300880663
678,1685906368.54,-40.527,398.438,114.746,-30.762,8118.657,304.78405731210324
679,1685906368.55,-62.988,11.23,-78.613,-38.086,8118.661,302.44069558065917
680,1685906368.55,-13.672,18.066,-66.406,-17.578,8118.665,309.2555390142815
681,1685906368.56,-1.465,109.375,75.684,-11.719,8118.669,311.8269401190133
682,1685906368.56,-28.809,-15.625,-52.734,-23.926,8118.673,306.75153207466354
683,1685906368.56,-42.48,-456.543,-318.848,-30.762,8118.677,305.0205970704527
684,1685906368.57,-12.695,-604.004,-208.008,-26.367,8118.681,307.6990533025962
685,1685906368.57,19.043,267.578,169.922,-16.602,8118.684,315.97346618552683
686,1685906368.58,-15.137,453.613,131.836,-25.879,8118.688,313.81174010394903
687,1685906368.58,-59.082,42.969,-50.293,-28.32,8118.692,314.0058114749344
688,1685906368.58,-36.133,-82.031,-76.66,-13.184,8118.685,316.91426909852237
689,1685906368.59,-1.465,148.438,64.941,-10.742,8118.688,314.2013454424311
690,1685906368.59,-24.902,421.875,153.32,-23.438,8118.692,314.7630576085614
691,1685906368.59,-65.43,-375.0,-237.793,-25.879,8118.696,309.1942937728253
692,1685906368.6,-54.688,-750.488,-321.289,-15.625,8118.7,306.30289375418425
693,1685906368.6,0.0,-37.109,60.059,-7.812,8118.704,307.32674007882025
694,1685906368.6,7.812,86.426,29.297,-9.277,8118.708,310.26354943718735
695,1685906368.61,-36.621,-395.996,-144.531,-16.602,8118.712,305.3237452612977
696,1685906368.61,-44.434,-275.391,-42.48,-19.043,8118.716,311.3800200464271
697,1685906368.62,0.0,419.434,153.809,0.0,8118.72,304.8474653570368
698,1685906368.62,14.648,309.57,44.434,12.695,8118.724,308.9841677007003
699,1685906368.62,-25.391,24.902,-63.965,-6.348,8118.728,310.79290814788595
700,1685906368.63,-62.988,155.762,46.875,-28.809,8118.727,310.14276651366316
701,1685906368.63,-36.133,348.633,140.137,-19.043,8118.731,305.873544959643
702,1685906368.64,4.883,174.805,28.809,-12.207,8118.735,306.5005445258563
703,1685906368.64,-17.09,-136.23,-125.977,-27.344,8118.739,314.87152690462165
704,1685906368.64,-63.477,16.602,-16.602,-44.922,8118.743,309.59661328464455
705,1685906368.65,-49.805,38.086,31.738,-35.645,8118.747,318.9774492630343
706,1685906368.65,-7.812,-270.996,-145.508,-16.602,8118.751,317.66050344702506
707,1685906368.66,-20.508,-752.441,-311.035,-23.438,8118.755,313.6821250127644
708,1685906368.66,-62.988,-229.004,6.836,-46.387,8118.759,318.7104788462595
709,1685906368.66,-58.594,333.984,135.254,-45.898,8118.763,319.8162182991074
710,1685906368.67,-5.859,144.531,19.531,-27.344,8118.767,315.6193760758639
711,1685906368.67,1.465,238.77,49.316,-26.855,8118.77,314.1353015318485
712,1685906368.67,-50.781,367.188,116.211,-35.156,8118.785,322.1763968686835
713,1685906368.68,-72.754,212.891,43.457,-38.574,8118.789,313.99760377755086
714,1685906368.68,-32.715,139.648,64.941,-27.832,8118.793,310.71606896052896
715,1685906368.68,2.441,102.051,61.035,-21.484,8118.796,309.4933144531777
716,1685906368.69,-25.391,-28.809,-49.316,-28.32,8118.8,306.5040765775761
717,1685906368.69,-66.895,-85.938,-99.609,-39.062,8118.804,306.834689711216
718,1685906368.7,-42.969,-607.422,-335.449,-22.949,8118.808,315.9396427467996
719,1685906368.7,-7.812,-968.75,-342.285,-12.695,8118.812,313.54518686197207
720,1685906368.7,-29.297,-15.625,105.957,-42.969,8118.816,299.81485126234537
721,1685906368.71,-62.988,270.02,50.781,-53.711,8118.82,318.3830824077773
722,1685906368.71,-49.805,-15.137,-37.598,-41.992,8118.824,317.911900646568
723,1685906368.72,-4.395,400.879,155.762,-36.133,8118.828,318.86181856907797
724,1685906368.72,-6.348,595.215,189.453,-37.598,8118.829,318.0385025962577
725,1685906368.72,-54.199,205.566,-1.953,-42.48,8118.833,326.6122335820137
726,1685906368.73,-55.176,-3.418,-82.031,-38.574,8118.837,320.48905619672905
727,1685906368.73,12.207,230.469,114.258,-22.461,8118.841,316.54654129733905
728,1685906368.73,28.32,446.777,183.105,-19.531,8118.845,324.32792476476146
729,1685906368.74,-34.668,-114.746,-160.645,-31.25,8118.849,327.24097279725396
730,1685906368.74,-66.895,-604.98,-257.812,-41.016,8118.853,333.2489534600512
731,1685906368.74,-19.043,146.484,140.137,-24.902,8118.857,329.16459227171396
732,1685906368.75,32.715,394.531,111.328,-1.465,8118.86,326.4338420793095
733,1685906368.75,-9.277,-342.285,-222.656,-10.742,8118.864,326.857180972993
734,1685906368.76,-53.223,-550.293,-256.348,-24.414,8118.868,325.8073356263678
735,1685906368.76,-14.16,245.605,115.723,-21.973,8118.872,319.93777341118835
736,1685906368.78,25.879,427.734,129.395,-6.836,8118.876,325.8583388821468
737,1685906368.78,4.395,175.293,-5.371,-6.836,8118.88,325.1082879155379
738,1685906368.78,-45.41,151.367,28.809,-25.391,8118.884,324.687934190603
739,1685906368.79,-33.203,75.684,22.949,-18.066,8118.888,322.61282499360783
740,1685906368.79,16.602,62.5,49.316,-1.953,8118.892,328.3161232572914
741,1685906368.8,12.695,-504.883,-228.027,-9.766,8118.896,331.15801395132416
742,1685906368.8,-31.738,-729.004,-282.715,-27.832,8118.899,328.0164083720243
743,1685906368.8,-45.41,189.453,158.691,-39.062,8118.903,329.74802394627477
744,1685906368.81,-0.488,307.617,82.031,-15.137,8118.907,322.99139772040513
745,1685906368.81,-20.996,-23.438,-60.059,-33.203,8118.92,325.94042077233155
746,1685906368.81,18.555,125.0,49.316,-6.348,8118.911,326.84086712277707
747,1685906368.81,14.16,-75.195,-29.297,-19.531,8118.924,325.66385412619616
748,1685906368.82,-31.25,180.176,50.293,-32.715,8118.915,327.5127922458564
749,1685906368.82,-19.043,223.145,98.145,-38.574,8118.928,326.48663665329104
750,1685906368.82,-59.082,79.102,-69.336,-49.805,8118.919,315.26295062202246
751,1685906368.82,-65.43,311.523,83.496,-51.758,8118.932,321.42030900666794
752,1685906368.82,-43.457,61.523,-24.414,-34.18,8118.936,325.88654986607025
753,1685906368.83,-5.371,-203.125,-117.188,-15.625,8118.94,328.3000438735303
754,1685906368.83,-26.367,0.977,45.898,-30.762,8118.944,312.3893315699484
755,1685906368.84,-65.918,346.191,138.672,-46.875,8118.948,314.18673148192613
756,1685906368.84,-60.547,-270.996,-200.195,-38.574,8118.952,316.70106727181116
757,1685906368.84,-5.371,-582.031,-206.543,-22.461,8118.956,311.096436415177
758,1685906368.85,8.301,260.742,160.645,-23.438,8118.959,306.3730268200873
759,1685906368.85,-41.016,313.965,81.543,-36.133,8118.963,317.281258240526
760,1685906368.87,-54.688,-46.387,-78.613,-36.133,8118.97,313.35270036657244
761,1685906368.87,-9.766,-46.875,-26.367,-21.484,8118.974,303.11791876557544
762,1685906368.88,8.301,202.148,96.191,-19.531,8118.978,309.2237147987834
763,1685906368.88,-28.32,222.656,7.324,-29.297,8118.982,316.97741445545574
764,1685906368.88,-57.129,-547.363,-340.82,-33.203,8118.985,314.0095217791573
765,1685906368.89,-21.973,-858.887,-368.164,-21.973,8118.989,314.6018664406317
766,1685906368.89,13.184,25.391,74.219,-14.16,8118.993,316.530122123373
767,1685906368.89,-15.625,365.723,91.797,-23.438,8118.997,316.35825108627085
768,1685906368.9,-54.688,-310.059,-197.266,-29.297,8119.001,308.8168743159004
769,1685906368.9,-40.039,-135.742,17.578,-20.02,8119.005,307.39330509846167
770,1685906368.91,10.742,504.883,208.008,-9.766,8119.009,311.21128552036686
771,1685906368.91,-3.906,257.324,8.789,-13.184,8119.013,306.7284324847411
772,1685906368.91,-52.246,16.602,-62.012,-18.066,8119.013,308.09171809777126
773,1685906368.92,-40.527,213.867,89.355,-5.859,8119.017,303.87652663321205
774,1685906368.92,9.277,448.73,173.828,0.0,8119.021,306.60794697132695
775,1685906368.92,19.531,209.961,27.832,-0.488,8119.025,302.1297881436489
776,1685906368.93,-24.414,-195.801,-202.637,-16.113,8119.029,294.40388260094653
777,1685906368.93,-47.852,-284.668,-238.77,-34.18,8119.033,299.66244798755673
778,1685906368.94,-3.418,36.621,28.32,-15.137,8119.036,289.7260857128965
779,1685906368.94,27.832,-11.719,-36.133,-4.395,8119.04,299.7506799559535
780,1685906368.94,-14.16,-779.785,-348.145,-21.484,8119.044,300.26315179189146
781,1685906368.95,-52.734,-356.934,-89.355,-41.504,8119.048,304.65899425391007
782,1685906368.95,-23.438,258.789,62.012,-32.715,8119.052,298.17221452799873
783,1685906368.96,11.23,195.312,54.688,-20.508,8119.056,306.15525864689175
784,1685906368.96,-9.277,185.547,29.297,-29.297,8119.056,304.72124671029985
785,1685906368.96,-40.527,249.512,72.754,-33.203,8119.06,309.1769070102718
786,1685906368.96,-34.668,197.266,57.129,-28.32,8119.064,312.67468652844656
787,1685906368.97,16.602,-51.27,-52.734,-14.16,8119.068,308.8433814930446
788,1685906368.97,16.113,-72.754,-26.367,-18.066,8119.072,309.9425478219899
789,1685906368.98,-45.41,-113.77,-99.121,-28.809,8119.076,315.97648134737597
790,1685906368.98,-55.176,-183.594,-160.156,-25.391,8119.08,315.62313597782213
791,1685906368.98,-5.859,-585.449,-282.715,-17.578,8119.084,315.44898358113113
792,1685906368.99,-5.859,-874.512,-324.707,-18.066,8119.088,311.2011396575263
793,1685906368.99,-47.363,30.762,68.848,-36.621,8119.092,321.3795107755353
794,1685906369.0,-63.477,146.484,5.859,-39.062,8119.095,312.30690631424716
795,1685906369.0,-20.02,-3.418,-48.828,-21.973,8119.099,302.54142667900516
796,1685906369.0,1.465,436.523,161.621,-18.066,8119.103,309.2127184203549
797,1685906369.01,-40.039,540.039,167.969,-38.574,8119.107,303.25256145785545
798,1685906369.01,-71.289,124.023,-78.125,-50.293,8119.111,302.49812203686065
799,1685906369.02,-43.457,-13.672,-111.816,-37.598,8119.115,303.1778081445916
800,1685906369.02,-7.812,298.34,101.562,-24.902,8119.119,305.6676500211619
801,1685906369.02,-31.738,177.246,32.715,-35.156,8119.123,309.15718624701105
802,1685906369.03,-73.73,-401.855,-280.273,-45.41,8119.127,315.0990129708498
803,1685906369.03,-50.293,-616.699,-254.395,-35.156,8119.131,313.8142971872734
804,1685906369.03,0.488,157.227,146.973,-27.344,8119.135,313.236971647909
805,1685906369.04,0.0,284.18,75.195,-34.668,8119.138,318.1349935323445
806,1685906369.04,-41.992,-349.121,-175.781,-39.062,8119.142,314.67977198529576
807,1685906369.05,-51.758,-291.016,-97.168,-30.762,8119.146,327.3386548668374
808,1685906369.05,-0.977,369.141,181.152,-21.484,8119.16,325.05511950015534
809,1685906369.05,12.695,403.32,107.91,-18.555,8119.163,325.33126184954295
810,1685906369.06,-30.762,83.008,-47.852,-31.25,8119.167,325.0191005096357
811,1685906369.06,-62.5,-158.203,-150.879,-36.621,8119.171,313.51165703499134
812,1685906369.06,-20.508,-96.191,-83.008,-19.531,8119.175,323.05593814340875
813,1685906369.07,19.043,66.895,41.504,-10.742,8119.179,319.95277635104515
814,1685906369.07,-11.719,-593.262,-322.266,-22.949,8119.183,317.33874226102233
815,1685906369.07,-45.41,-805.176,-375.977,-28.32,8119.187,323.6488535191829
816,1685906369.08,-28.809,157.227,108.887,-19.531,8119.191,316.7719798884067
817,1685906369.08,3.418,388.672,122.07,-8.301,8119.195,310.5646167590098
818,1685906369.09,-27.832,168.945,21.484,-25.879,8119.199,315.01053778803526
819,1685906369.09,-73.242,72.266,-44.434,-35.645,8119.203,310.16013555407807
820,1685906369.09,-60.547,100.586,-10.742,-28.32,8119.197,313.66954236553545
821,1685906369.1,-12.207,97.168,19.043,-20.508,8119.201,313.8732098609681
822,1685906369.1,-2.441,-147.949,-83.984,-11.23,8119.205,311.075637977835
823,1685906369.11,-50.293,102.539,41.504,-26.855,8119.209,306.3680593389653
824,1685906369.11,-56.152,254.395,68.359,-39.062,8119.213,315.61701235192874
825,1685906369.11,-1.953,-214.844,-144.531,-19.043,8119.216,320.2579444540618
826,1685906369.12,12.695,-479.492,-194.824,-5.371,8119.22,319.53289190071104
827,1685906369.12,-20.02,150.879,125.0,-27.832,8119.224,323.7499842173233
828,1685906369.12,-42.969,287.109,52.734,-32.227,8119.228,322.99722885720126
829,1685906369.13,-18.066,-69.824,-59.082,-18.066,8119.232,323.3238067640448
830,1685906369.13,14.16,98.633,64.941,-18.066,8119.236,326.3482530184673
831,1685906369.14,-11.719,433.105,167.48,-31.738,8119.24,323.4130125390328
832,1685906369.15,-41.504,224.609,22.949,-31.738,8119.254,311.22030864339257
833,1685906369.16,-21.973,-31.738,-134.766,-17.09,8119.258,318.9164889926337
834,1685906369.16,14.16,20.508,15.625,-9.766,8119.262,305.7607106857912
835,1685906369.16,-0.977,-30.762,7.812,-7.812,8119.266,314.448280802993
836,1685906369.17,-50.293,-109.375,-129.883,-17.09,8119.27,312.27920189547933
837,1685906369.17,-49.805,-584.473,-350.098,-17.578,8119.274,309.2677926520625
838,1685906369.18,-3.906,-1000.0,-381.348,0.0,8119.278,309.06858444994026
839,1685906369.18,-0.977,-107.422,68.848,-8.301,8119.282,308.66517262350544
840,1685906369.18,-38.086,302.734,44.922,-20.508,8119.286,312.8275486646682
841,1685906369.19,-43.945,-29.785,-73.73,-11.719,8119.29,320.6043650706425
842,1685906369.19,-1.465,251.953,130.859,0.488,8119.293,315.291690258322
843,1685906369.2,16.113,470.215,172.363,-5.859,8119.297,314.95820908315216
844,1685906369.2,-18.555,145.02,-16.602,-20.996,8119.297,318.33906128937707
845,1685906369.2,-49.316,-77.148,-79.102,-18.555,8119.3,319.4485249706856
846,1685906369.2,-20.02,215.82,109.375,-15.625,8119.304,320.3320313372853
847,1685906369.21,22.949,453.125,155.762,-9.277,8119.308,323.2269101480709
848,1685906369.21,-7.324,125.488,-44.434,-14.16,8119.312,320.98472677903254
849,1685906369.22,-65.43,-367.676,-263.184,-34.18,8119.316,322.5244188834425
850,1685906369.22,-48.828,-357.422,-212.402,-36.133,8119.32,318.2817419746615
851,1685906369.22,-0.488,109.375,71.289,-23.926,8119.324,314.30172745178817
852,1685906369.23,-15.625,-94.238,-100.586,-27.344,8119.328,322.0966244527453
853,1685906369.23,-66.895,-904.297,-432.129,-33.691,8119.332,318.6873336978445
854,1685906369.24,-63.965,-230.957,-2.441,-29.297,8119.336,309.4723721572579
855,1685906369.24,-0.977,403.809,152.832,-9.277,8119.34,311.8444161769353
856,1685906369.24,5.371,174.316,25.879,-12.207,8119.341,313.03318293679274
857,1685906369.24,-47.852,110.84,9.766,-35.156,8119.345,307.96899304013454
858,1685906369.25,-65.918,242.676,87.891,-40.527,8119.349,303.12213938758657
859,1685906369.25,-14.16,180.176,58.594,-22.949,8119.353,308.94817247756384
860,1685906369.26,14.648,-337.891,-101.562,-9.766,8119.357,314.58211800130357
861,1685906369.26,-24.902,-499.023,-177.246,-21.484,8119.361,315.9351896624817
862,1685906369.26,-60.547,-146.484,-168.945,-36.621,8119.364,309.03547291647544
863,1685906369.27,-40.039,122.07,25.391,-35.156,8119.368,310.2328621436875
864,1685906369.27,-3.418,-514.648,-190.918,-16.113,8119.372,316.9755017442461
865,1685906369.28,-22.949,-696.289,-229.492,-23.438,8119.376,315.69357940124826
866,1685906369.28,-64.941,250.977,154.297,-41.992,8119.38,315.7328925221942
867,1685906369.28,-54.199,138.672,33.203,-33.203,8119.384,324.16197821544375
868,1685906369.29,-5.371,32.227,1.953,-29.297,8119.387,321.2911955587758
869,1685906369.29,-5.859,427.246,150.391,-38.574,8119.391,318.17355119270655
870,1685906369.3,-55.664,417.48,130.859,-49.805,8119.395,312.9480116333438
871,1685906369.3,-60.547,78.613,-19.531,-39.062,8119.399,312.54554184279186
872,1685906369.3,-10.742,14.648,-22.461,-21.973,8119.403,315.17395853139254
873,1685906369.31,-7.324,112.793,58.594,-29.785,8119.407,309.57629844248504
874,1685906369.31,-56.641,47.852,-16.113,-49.805,8119.411,305.69194009416407
875,1685906369.32,-62.5,-397.461,-274.902,-33.691,8119.415,316.64717977511606
876,1685906369.32,-3.418,-600.586,-218.75,-3.418,8119.419,309.9509657206107
877,1685906369.32,11.719,182.129,159.18,-17.578,8119.423,310.92385852621874
878,1685906369.33,-34.668,213.379,27.344,-44.922,8119.426,309.16818979155556
879,1685906369.33,-74.219,-404.297,-200.195,-49.805,8119.43,304.283540071048
880,1685906369.33,-60.059,-217.285,-32.227,-43.457,8119.431,307.0446335551552
881,1685906369.34,-5.859,426.758,165.527,-29.785,8119.435,311.07775570251306
882,1685906369.34,-17.578,379.395,96.68,-28.32,8119.439,312.9761761385249
883,1685906369.34,-77.637,-137.207,-93.262,-48.828,8119.443,307.6687190764347
884,1685906369.35,-67.871,-99.121,-31.738,-42.969,8119.447,315.58764970582314
885,1685906369.35,-15.137,123.535,52.734,-20.996,8119.451,319.76089908250395
886,1685906369.36,-15.137,62.988,28.32,-28.809,8119.455,316.29475033993106
887,1685906369.36,-57.129,-571.289,-304.688,-38.086,8119.459,319.66123461263294
888,1685906369.36,-62.988,-689.453,-281.25,-36.133,8119.463,311.1952015688154
889,1685906369.37,-18.555,182.617,164.551,-32.715,8119.466,319.12716233286926
890,1685906369.37,-4.883,210.449,46.875,-29.785,8119.47,315.5824718232978
891,1685906369.38,-41.992,97.656,-21.973,-41.016,8119.474,319.25515646056664
892,1685906369.38,-61.035,41.016,-27.344,-42.969,8119.482,315.97864523590744
893,1685906369.38,-28.809,135.254,44.922,-25.391,8119.486,314.96292270498594
894,1685906369.39,11.23,119.629,2.93,-7.812,8119.49,310.394464854825
895,1685906369.39,-15.137,-149.414,-100.586,-23.438,8119.494,310.77357228329566
896,1685906369.4,-52.246,85.938,16.113,-40.527,8119.498,301.9268523930598
897,1685906369.4,-34.18,58.594,-69.336,-31.25,8119.502,306.45828795322024
898,1685906369.4,-10.254,-284.18,-204.59,-18.066,8119.506,312.4669794950795
899,1685906369.41,-21.973,-516.602,-208.984,-22.461,8119.51,298.73635460312727
900,1685906369.41,-55.664,56.152,70.312,-34.18,8119.514,307.7008628502008
901,1685906369.41,-44.922,315.43,62.012,-29.297,8119.518,305.7237671223935
902,1685906369.42,-5.859,75.684,-20.996,-20.02,8119.522,306.0086807407204
903,1685906369.42,0.977,187.012,62.012,-16.602,8119.525,308.49878652488167
904,1685906369.42,-37.109,307.129,75.684,-29.785,8119.535,313.4192394697732
905,1685906369.43,-61.523,148.438,-1.465,-31.738,8119.538,310.8973379868595
906,1685906369.43,-18.066,36.621,-27.832,-19.531,8119.542,308.91824567052976
907,1685906369.43,10.254,44.434,5.859,-21.484,8119.546,301.90419286007875
908,1685906369.44,-24.414,-81.055,-42.969,-31.738,8119.55,307.57368356610357
909,1685906369.44,-52.246,-134.766,-129.883,-35.645,8119.554,310.4323421524966
910,1685906369.44,-17.09,-578.125,-313.477,-10.742,8119.558,310.9357671706908
911,1685906369.45,4.395,-978.516,-336.914,6.348,8119.562,302.9347179380431
912,1685906369.45,-30.762,-81.543,70.312,-28.32,8119.566,302.6798560508144
913,1685906369.46,-64.453,248.047,36.133,-54.199,8119.57,297.5062232556906
914,1685906369.46,-48.828,19.043,-33.691,-39.062,8119.574,300.2942493411578
915,1685906369.46,3.906,366.699,135.254,-14.648,8119.578,290.9354371866918
916,1685906369.47,-1.465,504.883,156.25,-16.602,8119.58,296.55408262857367
917,1685906369.47,-52.734,149.902,-33.203,-32.227,8119.584,295.32601170277485
918,1685906369.48,-55.176,-42.48,-104.004,-37.109,8119.588,291.95131750174556
919,1685906369.48,-0.488,332.031,149.414,-23.926,8119.592,291.0718681023294
920,1685906369.48,7.812,438.965,131.836,-24.902,8119.596,277.9187559275726
921,1685906369.49,-41.992,-225.586,-241.211,-32.715,8119.6,280.75338064460647
922,1685906369.49,-60.547,-716.309,-365.723,-31.738,8119.604,285.86113199810984
923,1685906369.5,-17.578,-130.371,5.859,-28.809,8119.608,287.9538518577796
924,1685906369.5,16.113,519.531,225.098,-24.902,8119.611,281.40603691114467
925,1685906369.5,-20.02,-135.254,-166.992,-27.832,8119.615,283.60799489621604
926,1685906369.51,-56.641,-627.441,-283.691,-34.668,8119.619,282.08324818552614
927,1685906369.51,-27.344,203.613,147.949,-27.832,8119.623,289.5954346085324
928,1685906369.53,9.277,426.758,110.84,-9.766,8119.626,285.66371916084364
929,1685906369.53,-26.367,168.945,-4.883,-21.973,8119.63,291.12713695233447
930,1685906369.54,-67.383,114.258,-12.207,-32.715,8119.634,287.55978330635526
931,1685906369.54,-48.34,4.883,-25.879,-30.273,8119.638,285.72893805690217
932,1685906369.54,0.0,53.711,59.57,-28.32,8119.642,285.7035429037373
933,1685906369.55,0.977,-455.566,-201.66,-32.227,8119.646,280.63143879772576
934,1685906369.55,-48.34,-737.793,-262.695,-46.875,8119.65,279.9070798774092
935,1685906369.55,-54.199,152.832,118.164,-47.363,8119.653,282.28879879737514
936,1685906369.56,0.0,254.883,45.41,-31.738,8119.657,282.183446022137
937,1685906369.56,17.578,-237.793,-112.305,-20.02,8119.661,281.6231512467141
938,1685906369.57,-29.785,-45.41,0.488,-27.832,8119.665,281.2820846760829
939,1685906369.57,-49.805,371.582,131.348,-38.086,8119.669,278.15031490682065
940,1685906369.59,0.977,154.785,27.832,-21.484,8119.686,292.4844337882708
941,1685906369.59,29.785,81.543,0.488,-13.672,8119.69,293.1692212924508
942,1685906369.6,-8.789,381.836,153.809,-25.879,8119.694,291.76455916828644
943,1685906369.6,-53.711,213.379,16.113,-33.691,8119.698,293.8720747108558
944,1685906369.6,-37.598,-125.0,-208.496,-27.832,8119.702,295.4191675376493
945,1685906369.61,8.789,-199.707,-153.32,-17.09,8119.706,297.25081374588376
946,1685906369.61,-5.371,17.09,42.48,-22.949,8119.71,299.02870009450805
947,1685906369.61,-52.734,350.098,141.602,-37.109,8119.713,290.61317452066174
948,1685906369.62,-56.152,-445.801,-225.586,-28.809,8119.72,291.1309500156606
949,1685906369.62,-42.48,-201.172,-175.781,-22.461,8119.717,291.11517257387527
950,1685906369.62,-10.254,-142.09,30.762,-18.066,8119.724,293.0919248643487
951,1685906369.62,12.695,-552.246,-186.035,-8.789,8119.721,293.6623008857947
952,1685906369.62,6.836,437.988,172.363,-21.973,8119.727,296.9247279487963
953,1685906369.63,4.395,170.41,160.156,-24.414,8119.725,296.01766458730634
954,1685906369.63,-28.809,201.172,3.906,-31.25,8119.731,296.40751623055024
955,1685906369.63,-53.223,76.66,-71.289,-37.598,8119.729,298.7070934317197
956,1685906369.63,-51.758,-450.195,-222.656,-38.086,8119.735,293.43603174462925
957,1685906369.64,-19.043,-547.363,-217.773,-29.297,8119.739,298.6829109310095
958,1685906369.64,16.602,61.523,28.809,-21.973,8119.743,293.5995835457095
959,1685906369.64,-9.766,251.953,55.664,-23.438,8119.747,299.28457646374045
960,1685906369.65,-50.293,-275.879,-146.484,-27.344,8119.751,296.17074497745756
961,1685906369.65,-26.367,-93.75,15.137,-24.902,8119.755,295.1287848101094
962,1685906369.66,11.719,495.605,199.707,-17.09,8119.759,304.49530047831655
963,1685906369.66,-5.371,328.613,38.086,-24.902,8119.763,309.4545494927604
964,1685906369.66,-52.246,-451.66,-229.492,-36.621,8119.767,304.44743757243816
965,1685906369.67,-48.34,-409.668,-84.473,-32.715,8119.771,306.38584582173894
966,1685906369.67,14.648,260.742,135.254,-13.184,8119.775,308.77019729204176
967,1685906369.68,21.973,152.832,-24.902,-15.625,8119.779,308.1274342017413
968,1685906369.68,-30.762,-168.945,-188.477,-30.762,8119.783,314.1787650785696
969,1685906369.68,-53.711,-192.871,-142.09,-37.598,8119.787,310.4961899808081
970,1685906369.69,-13.672,70.801,42.969,-28.809,8119.79,305.93419088899225
971,1685906369.69,7.812,49.316,-46.875,-18.066,8119.794,313.89567969347974
972,1685906369.7,-27.344,-750.0,-346.191,-20.02,8119.798,307.94300480777565
973,1685906369.7,-48.34,-251.465,4.395,-31.25,8119.802,314.8353840951458
974,1685906369.7,-21.973,357.422,124.512,-29.785,8119.806,311.15160741214055
975,1685906369.71,10.742,193.848,33.203,-25.879,8119.81,307.5304748683048
976,1685906369.71,-14.648,237.793,61.035,-38.574,8119.806,308.1430004329744
977,1685906369.71,-63.965,339.844,107.422,-46.387,8119.81,309.3337833058439
978,1685906369.72,-53.223,298.34,73.242,-38.574,8119.814,313.7968959763609
979,1685906369.72,-10.254,-4.883,-47.363,-30.762,8119.818,304.5311788013379
980,1685906369.72,-27.344,-162.598,-49.316,-34.668,8119.822,313.8734292512198
981,1685906369.73,-71.777,-181.641,-105.957,-55.664,8119.826,305.7561994635046
982,1685906369.73,-59.082,-83.496,-122.559,-50.293,8119.83,306.38640582007497
983,1685906369.73,-11.23,-472.168,-245.605,-24.414,8119.834,309.55242704051363
984,1685906369.74,-6.348,-891.113,-317.871,-24.414,8119.837,307.81103959609436
985,1685906369.74,-52.246,13.184,95.215,-41.992,8119.841,315.75464748773993
986,1685906369.75,-73.242,222.656,36.133,-40.527,8119.845,317.0560141285384
987,1685906369.75,-26.855,45.41,-48.34,-25.391,8119.849,303.86364945298584
988,1685906369.75,1.953,409.668,141.113,-27.832,8119.853,310.92478492223233
989,1685906369.76,-44.434,454.102,146.484,-36.133,8119.857,310.7446542886147
990,1685906369.76,-76.172,41.992,-70.801,-41.992,8119.861,313.5480494093736
991,1685906369.76,-40.039,-16.602,-89.844,-32.227,8119.865,319.1862631386174
992,1685906369.77,-0.488,311.035,105.957,-14.648,8119.869,315.5298602540971
993,1685906369.77,-25.879,128.418,3.418,-20.508,8119.873,316.1513533846108
994,1685906369.78,-64.453,-433.594,-315.918,-35.156,8119.877,316.25051282697166
995,1685906369.78,-45.41,-901.367,-425.293,-24.414,8119.881,310.9406579447088
996,1685906369.78,-0.488,-96.68,65.918,-13.672,8119.885,306.4405201919774
997,1685906369.79,-1.465,333.984,103.516,-22.461,8119.889,318.26600046133586
998,1685906369.79,-47.852,-131.348,-142.578,-38.086,8119.892,315.03928212880567
999,1685906369.8,-57.617,10.254,-10.254,-38.086,8119.896,310.03409501316804
1000,1685906369.8,1.953,406.738,170.41,-17.09,8119.909,311.64760319804407
1001,1685906369.8,17.578,454.59,147.949,-14.16,8119.913,314.5256515706747
1002,1685906369.8,-31.738,180.176,-14.16,-32.227,8119.917,312.71361769585894
1003,1685906369.81,-48.828,-142.09,-160.645,-34.668,8119.921,311.01236635407116
1004,1685906369.81,-15.137,-67.383,-54.688,-20.996,8119.925,305.3306305684167
1005,1685906369.82,13.184,179.199,77.637,-12.207,8119.929,312.9937310300718
1006,1685906369.82,-23.438,-510.742,-260.742,-15.625,8119.933,311.11986342062033
1007,1685906369.82,-68.848,-822.754,-370.605,-26.367,8119.937,317.96970727834054
1008,1685906369.83,-44.434,117.676,75.684,-21.973,8119.941,314.0469739984988
1009,1685906369.83,6.348,249.023,59.082,-10.254,8119.945,316.7374892189476
1010,1685906369.84,-7.324,-156.25,-102.051,-27.832,8119.949,318.16017891184316
1011,1685906369.84,-55.176,76.172,18.555,-42.48,8119.952,320.06705061019704
1012,1685906369.84,-47.363,395.996,137.695,-33.691,8119.95,316.9270260570127
1013,1685906369.85,-4.395,214.844,46.387,-17.09,8119.954,318.0152938729528
1014,1685906369.85,-5.859,71.289,1.465,-18.066,8119.958,312.30307250402336
1015,1685906369.86,-49.805,276.367,98.145,-31.738,8119.962,311.77949290011736
1016,1685906369.86,-47.852,313.477,115.234,-31.738,8119.966,313.009011469357
1017,1685906369.86,-8.301,-157.227,-113.281,-13.672,8119.97,312.57113369372786
1018,1685906369.87,2.93,-472.656,-183.105,-12.695,8119.974,304.9407660883824
1019,1685906369.87,-31.738,119.141,101.562,-36.133,8119.978,316.79965070201524
1020,1685906369.87,-65.918,339.844,80.566,-45.898,8119.982,308.8037650727478
1021,1685906369.88,-29.785,-43.457,-30.273,-26.855,8119.986,312.97570067478694
1022,1685906369.88,9.277,25.879,45.898,-12.695,8119.989,304.00763204572286
1023,1685906369.89,-15.137,303.223,105.469,-30.273,8119.993,308.34604156099294
1024,1685906369.89,-50.781,-30.762,-145.996,-48.34,8120.0,307.1022637898343
1025,1685906369.89,-41.992,-431.641,-219.727,-38.086,8120.004,306.4871821668367
1026,1685906369.9,6.836,-119.629,67.871,-18.555,8120.008,310.3106451675541
1027,1685906369.9,4.395,103.516,27.832,-20.02,8120.012,311.2707048743041
1028,1685906369.9,-39.551,-137.207,-179.199,-34.668,8120.016,312.06280524668733
1029,1685906369.91,-33.691,-630.371,-369.141,-31.25,8120.02,319.30416256512217
1030,1685906369.91,10.742,-766.113,-282.715,-20.508,8120.024,317.1819134155624
1031,1685906369.92,7.812,225.586,145.508,-27.832,8120.028,322.1129266193903
1032,1685906369.92,-43.457,319.824,40.527,-35.156,8120.032,317.82074152269746
1033,1685906369.92,-64.453,-15.625,-47.852,-38.574,8120.035,312.71874904568904
1034,1685906369.93,-19.531,284.668,144.531,-30.273,8120.039,317.87105905329145
1035,1685906369.93,8.301,551.27,193.359,-21.973,8120.043,314.2084143690052
1036,1685906369.95,-39.551,244.141,7.812,-39.062,8120.046,305.9658488072212
1037,1685906369.95,-78.613,-28.809,-92.285,-48.828,8120.05,304.068641854887
1038,1685906369.96,-32.715,25.879,20.996,-33.691,8120.054,313.09895115963644
1039,1685906369.96,14.648,184.57,122.559,-21.484,8120.058,311.53306065002914
1040,1685906369.96,-14.648,33.203,-50.293,-26.855,8120.062,301.84706250608554
1041,1685906369.97,-56.152,-622.559,-353.516,-29.785,8120.066,302.2864924855608
1042,1685906369.97,-34.668,-266.602,-100.586,-28.32,8120.07,306.055141215591
1043,1685906369.97,13.672,446.777,181.152,-27.832,8120.074,304.79048035233
1044,1685906369.98,7.812,-37.598,-83.984,-25.391,8120.078,307.9229856067544
1045,1685906369.98,-41.992,-526.855,-241.211,-30.273,8120.081,306.27524986527635
1046,1685906369.99,-47.852,169.434,113.281,-40.527,8120.085,312.43101529962706
1047,1685906369.99,4.883,368.652,115.723,-30.762,8120.089,304.83939240925054
1048,1685906369.99,23.438,127.441,16.602,-23.438,8120.091,311.9291726460915
1049,1685906370.0,-27.344,109.863,25.391,-40.039,8120.095,318.3032725325339
1050,1685906370.0,-59.082,231.934,79.102,-36.621,8120.099,316.29740444782493
1051,1685906370.0,-12.207,108.398,41.992,-8.789,8120.103,316.1847268234936
1052,1685906370.01,7.324,-435.547,-143.555,1.465,8120.107,316.0158535302702
1053,1685906370.01,-34.668,-580.566,-217.285,-6.348,8120.111,317.05964377154817
1054,1685906370.02,-63.477,-298.828,-198.73,-20.996,8120.115,314.68905537589774
1055,1685906370.02,-35.645,-56.641,-69.824,-14.648,8120.119,308.76129448179904
1056,1685906370.02,1.953,-524.902,-214.844,-6.348,8120.122,309.77970851712865
1057,1685906370.03,-25.879,-693.359,-224.121,-30.273,8120.126,304.100991741826
1058,1685906370.03,-63.477,205.078,113.77,-41.992,8120.13,303.8911013193066
1059,1685906370.04,-43.945,178.711,14.648,-28.32,8120.134,303.23445620604195
1060,1685906370.04,1.465,108.887,2.441,-20.508,8120.138,303.40442160684927
1061,1685906370.04,-15.625,362.305,111.328,-26.855,8120.142,306.3915110328249
1062,1685906370.05,-61.035,321.777,73.242,-39.062,8120.146,304.220264393964
1063,1685906370.05,-63.965,53.223,-43.457,-35.156,8120.15,313.0183812124382
1064,1685906370.05,-21.484,40.527,-29.785,-24.414,8120.154,305.9361569118445
1065,1685906370.06,0.0,70.801,19.531,-21.484,8120.158,309.8244498561136
1066,1685906370.06,-45.898,74.219,53.223,-35.645,8120.162,307.9846733968216
1067,1685906370.06,-68.848,-203.125,-162.598,-33.203,8120.166,309.9337977383564
1068,1685906370.07,-21.484,-848.633,-345.215,-10.742,8120.169,308.82246485522035
1069,1685906370.07,19.043,-100.586,90.82,-8.789,8120.173,312.8368788175053
1070,1685906370.08,-6.348,432.129,109.375,-28.32,8120.177,309.8804406135924
1071,1685906370.08,-54.688,-20.996,-116.211,-37.109,8120.181,311.9713816640217
1072,1685906370.08,-40.039,17.09,-16.602,-32.227,8120.181,310.1993759527063
1073,1685906370.08,2.93,419.922,178.223,-26.367,8120.185,307.8771136618421
1074,1685906370.09,-18.066,418.945,134.766,-34.18,8120.189,315.884429410681
1075,1685906370.09,-64.453,-60.547,-119.629,-42.969,8120.193,314.06138869382335
1076,1685906370.1,-49.805,-201.172,-142.09,-28.32,8120.197,304.7415942894515
1077,1685906370.1,6.348,7.812,26.855,-14.648,8120.2,307.2407894552106
1078,1685906370.1,8.301,97.168,70.312,-23.926,8120.204,302.5131886586769
1079,1685906370.11,-41.504,-527.832,-282.715,-32.715,8120.208,302.4746870965568
1080,1685906370.11,-47.852,-786.133,-364.746,-26.367,8120.212,298.65099712194376
1081,1685906370.12,5.371,220.215,109.863,-20.508,8120.216,309.7119382533797
1082,1685906370.12,20.02,258.789,49.805,-12.695,8120.22,302.5672979828982
1083,1685906370.12,-23.926,-214.844,-120.605,-14.648,8120.224,306.4451129021676
1084,1685906370.13,-53.711,77.148,24.414,-32.227,8120.229,306.92216961032415
1085,1685906370.13,-16.113,471.191,182.617,-26.367,8120.233,309.896490450587
1086,1685906370.14,23.438,237.305,36.133,-9.766,8120.237,305.78055508482805
1087,1685906370.14,-11.719,60.547,-41.992,-22.461,8120.241,313.8623471295461
1088,1685906370.14,-57.129,190.918,36.621,-37.109,8120.244,311.1604976406791
1089,1685906370.15,-36.133,53.223,-24.414,-19.531,8120.248,310.11746598953647
1090,1685906370.15,12.695,-258.301,-171.387,-0.977,8120.252,306.0331601042221
1091,1685906370.16,-8.789,-538.086,-280.273,-8.301,8120.256,308.79926267540714
1092,1685906370.16,-69.336,3.418,35.645,-30.273,8120.26,314.3810190010834
1093,1685906370.16,-64.941,322.266,133.301,-26.367,8120.264,317.88467904280094
1094,1685906370.17,2.93,122.07,18.555,-12.207,8120.268,311.2028301921808
1095,1685906370.17,7.812,186.523,69.336,-17.09,8120.272,314.4820778203585
1096,1685906370.17,-46.387,166.016,17.578,-35.645,8120.275,314.09568534369066
1097,1685906370.18,-51.27,-80.566,-158.691,-32.227,8120.279,313.6857929059915
1098,1685906370.18,-7.812,-235.352,-79.102,-19.043,8120.282,314.1341356222362
1099,1685906370.18,14.648,-196.289,18.555,-25.391,8120.286,305.0175605929041
1100,1685906370.19,-22.949,17.578,-13.672,-37.598,8120.29,307.640106299276
1101,1685906370.19,-59.57,-8.789,-109.863,-38.574,8120.294,305.306991206936
1102,1685906370.2,-31.25,-621.582,-325.195,-22.461,8120.298,306.3204271501888
1103,1685906370.2,-2.441,-749.512,-235.84,-20.02,8120.302,304.2745225400425
1104,1685906370.2,-24.414,230.957,142.578,-36.133,8120.306,307.2252963476214
1105,1685906370.21,-58.105,188.965,-4.395,-45.41,8120.31,303.6388338011535
1106,1685906370.21,-41.504,-69.336,-69.824,-37.598,8120.314,308.25103601911206
1107,1685906370.22,1.465,384.766,153.32,-23.926,8120.318,309.0911323332467
1108,1685906370.22,-4.883,564.941,160.645,-19.531,8120.33,308.9424118805786
1109,1685906370.22,-50.781,180.176,-48.34,-30.762,8120.334,308.33754402052455
1110,1685906370.23,-52.246,-39.551,-101.074,-34.18,8120.338,317.7237643814739
1111,1685906370.23,0.977,111.816,45.898,-23.926,8120.341,309.17784242579734
1112,1685906370.23,7.324,212.402,93.262,-25.879,8120.345,310.8219295501991
1113,1685906370.24,-38.086,-150.391,-155.762,-31.25,8120.349,313.31998120513435
1114,1685906370.24,-60.547,-867.676,-391.602,-25.879,8120.353,311.6305808371357
1115,1685906370.24,-16.113,-210.449,34.668,-20.02,8120.357,313.6385678259325
1116,1685906370.25,15.625,516.602,199.219,-10.742,8120.361,311.10342683882726
1117,1685906370.25,-24.414,184.57,9.766,-14.16,8120.365,310.1477089257433
1118,1685906370.26,-59.57,26.855,4.395,-27.344,8120.369,306.8279700470133
1119,1685906370.26,-27.344,318.848,111.816,-23.926,8120.373,308.80475047536
1120,1685906370.28,11.719,396.973,110.84,-14.16,8120.376,301.69946512845974
1121,1685906370.28,-11.719,162.598,1.465,-20.02,8120.38,304.5055581769086
1122,1685906370.28,-50.293,84.473,-32.227,-33.203,8120.384,306.23769024348735
1123,1685906370.29,-44.922,-12.207,-13.672,-25.879,8120.388,304.06874250308505
1124,1685906370.29,0.0,17.09,32.227,-15.625,8120.392,307.6181970339445
1125,1685906370.3,-12.207,-461.914,-229.98,-22.949,8120.396,307.2109949250432
1126,1685906370.3,-65.918,-895.508,-425.293,-31.738,8120.4,307.9256423024356
1127,1685906370.3,-60.547,-136.23,-41.504,-29.297,8120.404,318.5376177409852
1128,1685906370.31,-10.742,297.363,106.934,-21.973,8120.408,314.3206982259445
1129,1685906370.31,-1.953,-129.883,-72.266,-23.926,8120.412,313.58670276238115
1130,1685906370.32,-46.387,-68.359,-19.531,-39.551,8120.415,312.8806072560388
1131,1685906370.32,-61.523,362.793,131.836,-44.434,8120.419,314.54244813918035
1132,1685906370.32,-10.742,206.055,25.391,-17.578,8120.421,312.1577906847159
1133,1685906370.32,6.836,143.555,-13.184,-8.301,8120.425,310.82993574236394
1134,1685906370.33,-42.48,321.777,96.191,-29.297,8120.429,312.787186193562
1135,1685906370.33,-73.73,292.969,84.961,-35.645,8120.433,300.9811530342071
1136,1685906370.34,-48.828,66.406,1.465,-17.09,8120.437,309.5256579775303
1137,1685906370.34,0.0,-180.176,-95.703,-8.789,8120.441,313.00392209379453
1138,1685906370.34,-14.16,7.812,17.578,-26.855,8120.445,312.3791378568602
1139,1685906370.35,-55.176,241.699,62.5,-31.25,8120.448,296.45529460205233
1140,1685906370.35,-46.875,-286.621,-224.121,-13.672,8120.452,298.5792744381187
1141,1685906370.36,-12.695,-869.629,-343.75,-3.906,8120.456,306.0613180402408
1142,1685906370.36,-12.207,-98.145,78.613,-21.973,8120.46,311.6656339121535
1143,1685906370.36,-48.828,359.863,102.539,-40.527,8120.464,308.76297631923495
1144,1685906370.37,-57.617,-51.27,-111.816,-39.062,8120.466,309.75935025993346
1145,1685906370.37,-14.648,111.328,33.203,-24.902,8120.47,304.87945914523294
1146,1685906370.38,10.742,447.754,157.227,-14.16,8120.474,305.9295098012265
1147,1685906370.38,-28.809,157.715,-41.016,-23.926,8120.478,319.2371946638748
1148,1685906370.38,-62.988,-492.188,-274.902,-29.297,8120.482,313.69114085106133
1149,1685906370.39,-31.738,-623.047,-228.027,-10.742,8120.486,311.1119825678202
1150,1685906370.39,6.836,45.41,43.945,-0.977,8120.489,313.52093830709333
1151,1685906370.39,-16.113,357.91,68.848,-12.207,8120.493,306.7005392179669
1152,1685906370.4,-60.547,-434.082,-237.305,-26.367,8120.497,317.01534978652785
1153,1685906370.4,-41.504,-367.676,-71.777,-21.973,8120.501,310.5971780412227
1154,1685906370.41,15.625,467.773,198.73,-14.16,8120.505,317.37035348010374
1155,1685906370.41,0.977,140.625,5.371,-15.625,8120.509,312.21774849553645
1156,1685906370.41,-58.594,-283.691,-150.391,-29.297,8120.511,312.2786055860146
1157,1685906370.42,-52.246,64.941,32.715,-35.645,8120.515,308.947568811152
1158,1685906370.42,-3.418,465.332,188.477,-17.09,8120.519,308.55065624007733
1159,1685906370.42,-4.395,174.805,17.09,-14.16,8120.523,304.56139876845157
1160,1685906370.43,-48.828,-83.008,-97.656,-31.25,8120.526,298.9991400329192
1161,1685906370.43,-56.641,-73.242,-68.848,-33.691,8120.53,302.395959035056
1162,1685906370.43,-4.395,-32.227,-91.797,-16.602,8120.534,304.4625032230618
1163,1685906370.44,11.719,-226.562,-187.5,-8.301,8120.538,300.4496055375098
1164,1685906370.44,-36.621,-596.68,-308.105,-18.066,8120.542,305.12922383628677
1165,1685906370.45,-59.57,-40.039,-4.395,-33.203,8120.546,310.3931520545235
1166,1685906370.45,-15.625,309.082,121.582,-24.414,8120.55,304.3922923484429
1167,1685906370.45,22.949,166.992,44.434,-2.93,8120.554,308.5503081665673
1168,1685906370.46,-19.043,174.805,41.016,-19.043,8120.559,307.3381639808233
1169,1685906370.46,-65.918,80.566,-30.762,-57.129,8120.563,314.96665585369914
1170,1685906370.46,-41.016,8.789,-130.371,-39.551,8120.567,310.05988950796376
1171,1685906370.47,1.953,-459.961,-286.621,-10.254,8120.571,306.2964428932267
1172,1685906370.47,-12.207,-671.387,-235.84,-34.668,8120.575,314.54925848353
1173,1685906370.48,-59.082,-190.918,-81.543,-46.875,8120.579,313.86672599378767
1174,1685906370.48,-65.918,-129.395,-155.762,-41.992,8120.583,314.89172188489874
1175,1685906370.48,-13.184,-459.961,-194.336,-34.18,8120.587,306.0392773836083
1176,1685906370.49,-7.324,-295.898,-28.809,-25.391,8120.591,319.59740070386414
1177,1685906370.49,-49.805,415.039,168.945,-37.109,8120.594,309.7057168723551
1178,1685906370.5,-47.852,147.949,-9.277,-27.344,8120.598,304.4307561783308
1179,1685906370.5,-5.859,3.906,-22.461,-19.043,8120.602,308.4456075532893
1180,1685906370.5,16.113,397.461,129.883,-22.461,8120.603,302.4578783671494
1181,1685906370.51,-29.785,457.031,133.789,-27.344,8120.607,303.6007920612612
1182,1685906370.51,-71.777,33.691,-98.145,-31.25,8120.611,304.847680900432
1183,1685906370.52,-31.25,-67.383,-120.117,-13.672,8120.615,301.52443817356766
1184,1685906370.52,13.184,147.461,61.035,0.0,8120.619,308.77868077985687
1185,1685906370.52,-13.672,57.129,13.672,-18.066,8120.623,302.1351959980913
1186,1685906370.53,-57.617,-340.332,-247.559,-29.785,8120.627,303.86666849172474
1187,1685906370.53,-36.133,-852.539,-396.973,-19.531,8120.63,305.0078082153717
1188,1685906370.53,13.672,-156.25,51.27,-10.254,8120.634,303.600794293452
1189,1685906370.54,5.371,472.168,143.555,-23.438,8120.638,311.27211909116596
1190,1685906370.54,-51.27,84.961,-46.387,-36.621,8120.642,309.4844674886541
1191,1685906370.55,-63.477,57.129,28.809,-28.32,8120.646,308.70417974849755
1192,1685906370.55,-4.883,435.059,167.48,-15.625,8120.66,313.106220311638
1193,1685906370.55,8.789,424.316,125.977,-18.555,8120.664,312.7022632646515
1194,1685906370.56,-38.574,75.195,-36.621,-29.297,8120.668,312.00583578794226
1195,1685906370.56,-52.246,-195.801,-182.617,-23.438,8120.672,315.3494612830427
1196,1685906370.56,-13.184,-42.969,-58.105,-16.113,8120.676,308.9036469250732
1197,1685906370.57,21.484,149.902,107.422,-13.672,8120.68,305.04788166322413
1198,1685906370.57,-17.09,-472.168,-261.719,-15.625,8120.684,306.922891898965
1199,1685906370.57,-69.824,-1000.0,-462.402,-25.391,8120.688,306.89248692299515
1200,1685906370.58,-39.062,-160.156,31.738,-33.203,8120.691,307.14725414153133
1201,1685906370.58,19.531,371.094,103.027,-17.09,8120.695,300.13008377303424
1202,1685906370.59,0.977,149.902,3.906,-25.391,8120.699,305.1893732969081
1203,1685906370.59,-54.688,226.562,57.129,-38.574,8120.703,306.7394118720927
1204,1685906370.59,-42.969,388.672,104.98,-28.32,8120.694,306.7162902832654
1205,1685906370.6,15.625,276.367,67.383,-13.672,8120.697,303.01228215926847
1206,1685906370.6,5.371,148.438,27.344,-18.066,8120.701,305.3632070073934
1207,1685906370.6,-54.199,220.703,37.598,-41.016,8120.705,300.63479455516995
1208,1685906370.61,-54.688,254.395,57.617,-37.109,8120.709,307.98590824552815
1209,1685906370.61,11.23,-115.234,-93.262,-6.348,8120.713,309.88929593007003
1210,1685906370.62,18.066,-363.281,-167.48,-2.441,8120.717,306.4303915892636
1211,1685906370.62,-43.945,125.0,78.125,-35.645,8120.721,308.64817375014553
1212,1685906370.62,-63.477,282.715,79.59,-40.039,8120.725,310.7597241564534
1213,1685906370.63,-36.133,-294.434,-192.871,-20.02,8120.729,309.6454838003113
1214,1685906370.63,-3.906,-604.004,-222.656,-24.902,8120.733,311.0173583346617
1215,1685906370.64,-23.438,146.973,110.352,-58.594,8120.736,308.23000248494407
1216,1685906370.65,-66.406,265.137,50.781,-64.941,8120.751,306.5730048983301
1217,1685906370.66,-46.875,-24.414,-74.707,-36.621,8120.755,303.44388061612784
1218,1685906370.66,-4.883,150.391,15.137,-29.297,8120.759,303.62098474423215
1219,1685906370.66,-16.602,114.258,9.766,-39.062,8120.763,305.70201417079966
1220,1685906370.67,-62.988,-107.91,-148.438,-48.828,8120.767,297.0562035418635
1221,1685906370.67,-67.383,-602.051,-332.52,-32.227,8120.77,302.2743388506033
1222,1685906370.68,-23.926,-815.918,-299.316,-17.09,8120.774,304.82161115741206
1223,1685906370.68,-20.508,139.648,92.773,-34.18,8120.778,299.99115444125806
1224,1685906370.68,-56.641,310.059,23.926,-42.969,8120.782,298.2081788745362
1225,1685906370.68,-37.109,3.906,-100.586,-29.785,8120.795,306.05510574407646
1226,1685906370.69,-62.988,20.508,-57.617,-34.18,8120.786,302.95550199290267
1227,1685906370.69,-65.918,-351.562,-182.129,-32.227,8120.799,305.9306491928447
1228,1685906370.69,-27.344,301.758,126.465,-23.438,8120.79,308.40630083444364
1229,1685906370.69,-32.227,99.609,82.031,-22.461,8120.803,306.18527969890437
1230,1685906370.7,-5.859,451.172,133.301,-22.949,8120.794,304.930952188782
1231,1685906370.7,11.23,517.578,196.289,-11.719,8120.807,308.02450796681995
1232,1685906370.7,-12.695,195.801,9.766,-21.484,8120.811,311.60203065952163
1233,1685906370.7,-55.176,-315.43,-244.629,-32.227,8120.815,315.35882444922777
1234,1685906370.71,-33.691,-109.863,-58.594,-24.414,8120.819,312.0040078681052
1235,1685906370.71,7.812,466.797,215.82,-11.719,8120.823,313.36877616072076
1236,1685906370.72,-3.418,-17.09,-107.422,-4.395,8120.827,314.2273034509356
1237,1685906370.72,-50.781,-663.086,-331.543,-20.508,8120.83,310.06942896747637
1238,1685906370.72,-54.688,34.668,53.223,-25.879,8120.834,311.65023509488833
1239,1685906370.73,-0.488,412.598,172.852,-11.719,8120.838,307.3889028075212
1240,1685906370.74,15.137,159.18,21.973,-11.23,8120.841,295.49202384033026
1241,1685906370.75,-34.18,66.406,-47.852,-25.391,8120.845,307.9577534740562
1242,1685906370.75,-57.129,29.785,-41.016,-41.016,8120.849,304.3730057105575
1243,1685906370.75,-11.719,-5.859,-43.457,-31.738,8120.853,300.36917033763984
1244,1685906370.76,11.719,-457.52,-241.699,-18.555,8120.857,309.01886354621166
1245,1685906370.76,-31.25,-859.863,-386.719,-28.809,8120.861,309.01743578717003
1246,1685906370.76,-68.359,-232.91,-81.543,-44.434,8120.865,303.8102896844611
1247,1685906370.77,-39.062,159.18,20.508,-27.344,8120.869,310.88000649648643
1248,1685906370.77,5.859,-182.617,-88.379,-12.207,8120.873,311.8130733033236
1249,1685906370.78,-19.531,-54.199,9.766,-34.18,8120.877,310.05744895611093
1250,1685906370.78,-58.594,406.738,104.004,-41.992,8120.88,310.897325313062
1251,1685906370.78,-39.551,135.742,-19.043,-28.809,8120.884,309.7529045446356
1252,1685906370.79,-1.465,50.781,0.977,-18.555,8120.888,308.84041196608536
1253,1685906370.79,-11.719,377.93,131.836,-20.508,8120.892,323.42345417278665
1254,1685906370.8,-53.223,361.816,90.82,-26.855,8120.896,314.2981664295242
1255,1685906370.8,-56.152,-0.977,-114.258,-22.461,8120.9,302.07925562037406
1256,1685906370.8,-8.789,-24.414,-80.078,-13.672,8120.904,310.7044307013391
1257,1685906370.81,2.441,110.352,76.66,-23.926,8120.907,311.5362103706151
1258,1685906370.81,-45.41,-76.172,-75.195,-46.387,8120.911,315.324459634927
1259,1685906370.82,-71.777,-426.758,-300.293,-48.828,8120.915,305.0070242942719
1260,1685906370.82,-27.832,-846.68,-336.914,-22.949,8120.919,298.9572842742578
1261,1685906370.82,3.418,-145.02,60.059,-15.137,8120.923,304.6570960281097
1262,1685906370.83,-28.32,384.277,126.953,-26.855,8120.927,303.84218818409727
1263,1685906370.83,-57.617,14.16,-61.035,-31.25,8120.931,307.39904192798275
1264,1685906370.83,-26.367,75.195,9.766,-19.531,8120.931,297.833015278961
1265,1685906370.84,16.602,437.012,155.273,-13.184,8120.935,297.3583698815453
1266,1685906370.84,-12.207,396.973,103.516,-29.785,8120.939,306.58032278162227
1267,1685906370.84,-70.312,-149.414,-126.953,-51.27,8120.943,304.45193618339215
1268,1685906370.85,-67.383,-289.551,-132.324,-50.293,8120.947,305.2799730907359
1269,1685906370.85,-13.184,-25.391,3.906,-27.344,8120.951,302.90922831486887
1270,1685906370.85,-12.207,65.918,21.484,-26.367,8120.955,303.0650405212073
1271,1685906370.86,-60.059,-500.0,-297.852,-35.645,8120.959,305.25031882369046
1272,1685906370.86,-60.059,-947.754,-406.738,-29.297,8120.962,304.9021578368158
1273,1685906370.87,2.441,39.551,122.07,-19.043,8120.966,315.28109509636886
1274,1685906370.87,17.09,405.762,99.609,-17.578,8120.97,308.7212027107362
1275,1685906370.87,-31.25,63.965,-83.496,-32.715,8120.974,314.69222884742
1276,1685906370.88,-46.875,172.363,71.777,-27.832,8120.979,311.5076802568133
1277,1685906370.88,-5.371,418.457,169.434,-12.695,8120.982,309.3444356587665
1278,1685906370.89,18.555,286.621,53.711,-8.301,8120.986,305.99313826054015
1279,1685906370.89,-14.648,104.492,-14.16,-19.043,8120.99,311.5582241522913
1280,1685906370.89,-50.293,198.242,11.23,-34.18,8120.994,308.97536243745924
1281,1685906370.9,-38.086,81.055,-12.695,-32.227,8120.998,299.09907600025286
1282,1685906370.9,1.953,-261.719,-153.32,-6.348,8121.002,302.5638841498745
1283,1685906370.9,-11.719,-588.867,-299.316,2.441,8121.006,303.35656145890596
1284,1685906370.91,-56.641,-47.852,29.297,-23.926,8121.01,302.47922290593743
1285,1685906370.91,-39.551,314.453,104.004,-26.855,8121.014,299.25753519185025
1286,1685906370.92,5.371,-28.809,-34.668,-11.719,8121.018,305.4086025577245
1287,1685906370.92,-6.348,29.297,43.457,-15.137,8121.021,307.5082055563825
1288,1685906370.92,-46.387,321.289,82.52,-29.785,8121.035,302.71634194409603
1289,1685906370.93,-55.664,239.746,36.133,-33.691,8121.039,300.730046532682
1290,1685906370.93,-8.301,-3.418,-31.25,-21.973,8121.043,308.8514104232703
1291,1685906370.93,6.348,-123.047,-8.301,-29.297,8121.046,308.0551461122474
1292,1685906370.94,-33.691,-31.25,-6.836,-43.945,8121.05,319.4929535322759
1293,1685906370.94,-50.781,-28.809,-111.816,-47.852,8121.054,312.14329167022817
1294,1685906370.94,-13.184,-605.957,-311.523,-24.902,8121.058,311.39005738968274
1295,1685906370.95,22.949,-794.434,-318.848,-5.371,8121.062,309.68279043026314
1296,1685906370.95,4.395,128.906,90.332,-23.438,8121.066,315.6103733640992
1297,1685906370.96,-42.969,217.773,18.066,-36.133,8121.07,314.58482161011915
1298,1685906370.96,-27.832,-22.461,-61.523,-28.809,8121.074,306.26865569527814
1299,1685906370.96,21.973,327.148,148.438,-17.578,8121.078,311.9446875954771
